timestamp,host,pid,message,src_ip,user,label
Sep 18 03:13:40,kali,2794,Failed password for alice from 10.0.0.4 port 43860 ssh2,10.0.0.4,alice,benign
Sep 18 03:14:11,kali,2045,Connection closed by 10.0.0.2 port 36026 [preauth],,,benign
Sep 18 03:14:13,kali,2013,Accepted password for svc_backup from 10.0.0.3 port 57627 ssh2,10.0.0.3,svc_backup,benign
Sep 18 03:14:25,kali,2774,Failed password for testuser from 10.0.0.52 port 35051 ssh2,10.0.0.52,testuser,attacker
Sep 18 03:14:53,kali,2987,Failed password for testuser from 10.0.0.8 port 51175 ssh2,10.0.0.8,testuser,benign
Sep 18 03:15:09,kali,2185,Connection closed by 10.0.0.51 port 46265 [preauth],,,benign
Sep 18 03:15:17,kali,2513,Connection closed by 10.0.0.9 port 30853 [preauth],,,benign
Sep 18 03:15:17,kali,2544,Failed password for testuser from 10.0.0.52 port 38788 ssh2,10.0.0.52,testuser,attacker
Sep 18 03:15:27,kali,2561,Failed password for dave from 192.168.100.100 port 30700 ssh2,192.168.100.100,dave,benign
Sep 18 03:15:37,kali,2683,Connection closed by 10.0.0.6 port 26788 [preauth],,,benign
Sep 18 03:15:42,kali,2867,Failed password for testuser from 10.0.0.51 port 43982 ssh2,10.0.0.51,testuser,attacker
Sep 18 03:15:46,kali,2012,Accepted password for root from 10.0.0.8 port 26602 ssh2,10.0.0.8,root,benign
Sep 18 03:16:00,kali,2305,Failed password for carol from 10.0.0.51 port 55605 ssh2,10.0.0.51,carol,attacker
Sep 18 03:16:01,kali,2469,Failed password for alice from 10.0.0.3 port 53153 ssh2,10.0.0.3,alice,benign
Sep 18 03:16:31,kali,2566,Connection closed by 10.0.0.4 port 28076 [preauth],,,benign
Sep 18 03:16:51,kali,2721,Connection closed by 10.0.0.50 port 57791 [preauth],,,benign
Sep 18 03:17:19,kali,2754,Failed password for invalid user admin from 10.0.0.52 port 46574 ssh2,10.0.0.52,admin,attacker
Sep 18 03:17:20,kali,2725,Failed password for testuser from 10.0.0.50 port 28275 ssh2,10.0.0.50,testuser,attacker
Sep 18 03:17:32,kali,2366,Accepted password for root from 10.0.0.5 port 41218 ssh2,10.0.0.5,root,benign
Sep 18 03:17:47,kali,2178,Failed password for root from 10.0.0.51 port 51211 ssh2,10.0.0.51,root,attacker
Sep 18 03:18:02,kali,2601,Failed password for alice from 10.0.0.50 port 52836 ssh2,10.0.0.50,alice,attacker
Sep 18 03:18:09,kali,2514,Connection closed by 10.0.0.52 port 48218 [preauth],,,benign
Sep 18 03:18:36,kali,2470,PAM: Authentication failure for root from 10.0.0.52,10.0.0.52,root,attacker
Sep 18 03:18:42,kali,2233,Failed password for invalid user testuser from 10.0.0.5 port 53071 ssh2,10.0.0.5,testuser,benign
Sep 18 03:18:48,kali,2391,Accepted password for dave from 10.0.0.7 port 55685 ssh2,10.0.0.7,dave,benign
Sep 18 03:19:18,kali,2051,Accepted password for bob from 10.0.0.5 port 57000 ssh2,10.0.0.5,bob,benign
Sep 18 03:20:19,kali,2634,Connection closed by 10.0.0.50 port 41496 [preauth],,,benign
Sep 18 03:20:26,kali,2671,Failed password for dave from 10.0.0.51 port 58209 ssh2,10.0.0.51,dave,attacker
Sep 18 03:20:32,kali,2093,Failed password for root from 192.168.100.101 port 37662 ssh2,192.168.100.101,root,benign
Sep 18 03:20:33,kali,2753,Failed password for alice from 192.168.100.100 port 37058 ssh2,192.168.100.100,alice,benign
Sep 18 03:20:39,kali,2369,Failed password for root from 192.168.100.104 port 25650 ssh2,192.168.100.104,root,benign
Sep 18 03:20:39,kali,2623,PAM: Authentication failure for alice from 10.0.0.50,10.0.0.50,alice,attacker
Sep 18 03:20:57,kali,2493,Failed password for admin from 10.0.0.52 port 35068 ssh2,10.0.0.52,admin,attacker
Sep 18 03:20:58,kali,2395,Failed password for bob from 192.168.100.104 port 34752 ssh2,192.168.100.104,bob,benign
Sep 18 03:21:10,kali,2326,PAM: Authentication failure for svc_backup from 10.0.0.52,10.0.0.52,svc_backup,attacker
Sep 18 03:21:13,kali,2083,Failed password for carol from 192.168.100.101 port 57495 ssh2,192.168.100.101,carol,benign
Sep 18 03:21:19,kali,2506,Connection closed by 10.0.0.4 port 51952 [preauth],,,benign
Sep 18 03:21:53,kali,2485,Failed password for testuser from 10.0.0.52 port 29442 ssh2,10.0.0.52,testuser,attacker
Sep 18 03:21:56,kali,2441,PAM: Authentication failure for root from 10.0.0.7,10.0.0.7,root,benign
Sep 18 03:22:01,kali,2206,Failed password for root from 10.0.0.50 port 54460 ssh2,10.0.0.50,root,attacker
Sep 18 03:22:08,kali,2338,Failed password for alice from 10.0.0.4 port 45717 ssh2,10.0.0.4,alice,benign
Sep 18 03:22:18,kali,2367,Connection closed by 10.0.0.3 port 56823 [preauth],,,benign
Sep 18 03:22:36,kali,2301,Failed password for invalid user testuser from 10.0.0.50 port 44606 ssh2,10.0.0.50,testuser,attacker
Sep 18 03:22:56,kali,2628,Failed password for dave from 10.0.0.51 port 51393 ssh2,10.0.0.51,dave,attacker
Sep 18 03:23:24,kali,2856,Failed password for svc_backup from 192.168.100.103 port 22455 ssh2,192.168.100.103,svc_backup,benign
Sep 18 03:23:31,kali,2809,PAM: Authentication failure for alice from 10.0.0.4,10.0.0.4,alice,benign
Sep 18 03:23:35,kali,2129,Failed password for svc_backup from 10.0.0.3 port 26534 ssh2,10.0.0.3,svc_backup,benign
Sep 18 03:24:15,kali,2872,Failed password for dave from 10.0.0.7 port 26225 ssh2,10.0.0.7,dave,benign
Sep 18 03:24:41,kali,2355,Failed password for root from 10.0.0.3 port 20829 ssh2,10.0.0.3,root,benign
Sep 18 03:24:53,kali,2005,Failed password for alice from 192.168.100.100 port 42534 ssh2,192.168.100.100,alice,benign
Sep 18 03:25:01,kali,2868,Failed password for root from 10.0.0.9 port 52165 ssh2,10.0.0.9,root,benign
Sep 18 03:25:08,kali,2964,Failed password for dave from 10.0.0.52 port 45082 ssh2,10.0.0.52,dave,attacker
Sep 18 03:25:22,kali,2650,Failed password for alice from 192.168.100.103 port 24427 ssh2,192.168.100.103,alice,benign
Sep 18 03:25:24,kali,2420,Failed password for root from 10.0.0.9 port 49420 ssh2,10.0.0.9,root,benign
Sep 18 03:25:26,kali,2810,Failed password for root from 10.0.0.51 port 55588 ssh2,10.0.0.51,root,attacker
Sep 18 03:25:26,kali,2855,PAM: Authentication failure for svc_backup from 10.0.0.7,10.0.0.7,svc_backup,benign
Sep 18 03:25:28,kali,2943,Failed password for testuser from 10.0.0.8 port 50045 ssh2,10.0.0.8,testuser,benign
Sep 18 03:25:41,kali,2829,Accepted password for svc_backup from 10.0.0.2 port 42483 ssh2,10.0.0.2,svc_backup,benign
Sep 18 03:25:50,kali,2410,Failed password for root from 10.0.0.7 port 45319 ssh2,10.0.0.7,root,benign
Sep 18 03:25:54,kali,2717,Connection closed by 10.0.0.7 port 52953 [preauth],,,benign
Sep 18 03:25:59,kali,2677,Failed password for admin from 10.0.0.50 port 44911 ssh2,10.0.0.50,admin,attacker
Sep 18 03:26:00,kali,2009,Connection closed by 10.0.0.52 port 31174 [preauth],,,benign
Sep 18 03:26:02,kali,2332,Accepted password for carol from 10.0.0.6 port 44565 ssh2,10.0.0.6,carol,benign
Sep 18 03:26:02,kali,2483,Failed password for invalid user svc_backup from 10.0.0.4 port 47483 ssh2,10.0.0.4,svc_backup,benign
Sep 18 03:26:06,kali,2250,PAM: Authentication failure for dave from 10.0.0.4,10.0.0.4,dave,benign
Sep 18 03:26:18,kali,2948,Failed password for testuser from 192.168.100.104 port 56184 ssh2,192.168.100.104,testuser,benign
Sep 18 03:26:39,kali,2706,Failed password for root from 10.0.0.3 port 30035 ssh2,10.0.0.3,root,benign
Sep 18 03:26:43,kali,2782,Failed password for root from 10.0.0.52 port 20599 ssh2,10.0.0.52,root,attacker
Sep 18 03:26:44,kali,2566,PAM: Authentication failure for root from 192.168.100.104,192.168.100.104,root,benign
Sep 18 03:26:46,kali,2051,Failed password for testuser from 192.168.100.102 port 55172 ssh2,192.168.100.102,testuser,benign
Sep 18 03:27:10,kali,2598,Failed password for invalid user bob from 192.168.100.100 port 53281 ssh2,192.168.100.100,bob,benign
Sep 18 03:27:17,kali,2667,PAM: Authentication failure for alice from 10.0.0.2,10.0.0.2,alice,benign
Sep 18 03:27:34,kali,2208,Failed password for invalid user dave from 10.0.0.51 port 59903 ssh2,10.0.0.51,dave,attacker
Sep 18 03:28:08,kali,2100,Failed password for root from 10.0.0.7 port 59033 ssh2,10.0.0.7,root,benign
Sep 18 03:28:10,kali,2013,Accepted password for root from 10.0.0.5 port 49036 ssh2,10.0.0.5,root,benign
Sep 18 03:28:36,kali,2851,Failed password for testuser from 10.0.0.50 port 34776 ssh2,10.0.0.50,testuser,attacker
Sep 18 03:28:49,kali,2360,Failed password for root from 10.0.0.51 port 38813 ssh2,10.0.0.51,root,attacker
Sep 18 03:29:08,kali,2076,Accepted password for carol from 10.0.0.8 port 53625 ssh2,10.0.0.8,carol,benign
Sep 18 03:29:40,kali,2283,Connection closed by 10.0.0.4 port 28696 [preauth],,,benign
Sep 18 03:29:52,kali,2220,Connection closed by 10.0.0.9 port 26311 [preauth],,,benign
Sep 18 03:30:01,kali,2407,Failed password for alice from 10.0.0.9 port 59134 ssh2,10.0.0.9,alice,benign
Sep 18 03:30:02,kali,2412,Accepted password for bob from 10.0.0.3 port 32556 ssh2,10.0.0.3,bob,benign
Sep 18 03:30:08,kali,2089,Failed password for admin from 10.0.0.50 port 55629 ssh2,10.0.0.50,admin,attacker
Sep 18 03:30:29,kali,2722,Failed password for testuser from 10.0.0.51 port 40562 ssh2,10.0.0.51,testuser,attacker
Sep 18 03:30:38,kali,2113,Connection closed by 10.0.0.9 port 59107 [preauth],,,benign
Sep 18 03:31:12,kali,2563,Failed password for testuser from 10.0.0.4 port 31409 ssh2,10.0.0.4,testuser,benign
Sep 18 03:31:26,kali,2316,Failed password for root from 10.0.0.9 port 46832 ssh2,10.0.0.9,root,benign
Sep 18 03:31:28,kali,2337,Failed password for carol from 10.0.0.6 port 59498 ssh2,10.0.0.6,carol,benign
Sep 18 03:31:50,kali,2241,Accepted password for carol from 10.0.0.7 port 45090 ssh2,10.0.0.7,carol,benign
Sep 18 03:31:57,kali,2976,Failed password for invalid user root from 192.168.100.100 port 50810 ssh2,192.168.100.100,root,benign
Sep 18 03:32:06,kali,2805,Failed password for invalid user dave from 192.168.100.100 port 34496 ssh2,192.168.100.100,dave,benign
Sep 18 03:32:09,kali,2543,Failed password for dave from 10.0.0.4 port 33962 ssh2,10.0.0.4,dave,benign
Sep 18 03:32:10,kali,2186,Failed password for root from 10.0.0.51 port 52243 ssh2,10.0.0.51,root,attacker
Sep 18 03:32:29,kali,2145,Accepted password for alice from 10.0.0.2 port 54765 ssh2,10.0.0.2,alice,benign
Sep 18 03:32:58,kali,2556,Failed password for svc_backup from 10.0.0.51 port 27992 ssh2,10.0.0.51,svc_backup,attacker
Sep 18 03:33:09,kali,2406,Connection closed by 10.0.0.2 port 48588 [preauth],,,benign
Sep 18 03:33:25,kali,2046,Failed password for alice from 192.168.100.100 port 24523 ssh2,192.168.100.100,alice,benign
Sep 18 03:33:33,kali,2084,Failed password for testuser from 192.168.100.104 port 45534 ssh2,192.168.100.104,testuser,benign
Sep 18 03:33:54,kali,2480,Accepted password for carol from 10.0.0.6 port 46049 ssh2,10.0.0.6,carol,benign
Sep 18 03:34:26,kali,2660,Connection closed by 10.0.0.3 port 58933 [preauth],,,benign
Sep 18 03:34:48,kali,2939,Failed password for admin from 10.0.0.52 port 29820 ssh2,10.0.0.52,admin,attacker
Sep 18 03:35:00,kali,2565,Failed password for root from 10.0.0.7 port 24558 ssh2,10.0.0.7,root,benign
Sep 18 03:35:01,kali,2256,Failed password for bob from 10.0.0.6 port 54962 ssh2,10.0.0.6,bob,benign
Sep 18 03:35:02,kali,2624,Connection closed by 10.0.0.51 port 35783 [preauth],,,benign
Sep 18 03:35:06,kali,2432,Failed password for root from 192.168.100.104 port 37816 ssh2,192.168.100.104,root,benign
Sep 18 03:35:20,kali,2335,Accepted password for dave from 10.0.0.6 port 59493 ssh2,10.0.0.6,dave,benign
Sep 18 03:35:21,kali,2871,Failed password for svc_backup from 192.168.100.102 port 27856 ssh2,192.168.100.102,svc_backup,benign
Sep 18 03:35:23,kali,2699,PAM: Authentication failure for testuser from 10.0.0.6,10.0.0.6,testuser,benign
Sep 18 03:35:58,kali,2970,Failed password for root from 192.168.100.104 port 24290 ssh2,192.168.100.104,root,benign
Sep 18 03:35:59,kali,2380,Accepted password for alice from 10.0.0.4 port 45974 ssh2,10.0.0.4,alice,benign
Sep 18 03:36:03,kali,2578,Failed password for alice from 10.0.0.6 port 55232 ssh2,10.0.0.6,alice,benign
Sep 18 03:36:40,kali,2594,Failed password for root from 10.0.0.51 port 28566 ssh2,10.0.0.51,root,attacker
Sep 18 03:36:53,kali,2684,Failed password for root from 192.168.100.104 port 23996 ssh2,192.168.100.104,root,benign
Sep 18 03:37:13,kali,2604,Failed password for root from 10.0.0.50 port 55713 ssh2,10.0.0.50,root,attacker
Sep 18 03:37:27,kali,2829,Accepted password for testuser from 10.0.0.7 port 42768 ssh2,10.0.0.7,testuser,benign
Sep 18 03:37:31,kali,2322,Failed password for root from 10.0.0.51 port 55559 ssh2,10.0.0.51,root,attacker
Sep 18 03:37:57,kali,2362,Failed password for carol from 192.168.100.104 port 20808 ssh2,192.168.100.104,carol,benign
Sep 18 03:38:05,kali,2931,Failed password for bob from 10.0.0.4 port 55350 ssh2,10.0.0.4,bob,benign
Sep 18 03:38:51,kali,2381,Connection closed by 10.0.0.4 port 27460 [preauth],,,benign
Sep 18 03:38:53,kali,2301,Failed password for testuser from 10.0.0.6 port 51015 ssh2,10.0.0.6,testuser,benign
Sep 18 03:38:56,kali,2442,Failed password for bob from 192.168.100.104 port 58434 ssh2,192.168.100.104,bob,benign
Sep 18 03:38:59,kali,2514,Failed password for bob from 192.168.100.101 port 59658 ssh2,192.168.100.101,bob,benign
Sep 18 03:39:00,kali,2661,Accepted password for alice from 10.0.0.7 port 43763 ssh2,10.0.0.7,alice,benign
Sep 18 03:39:28,kali,2001,Failed password for invalid user bob from 10.0.0.52 port 42516 ssh2,10.0.0.52,bob,attacker
Sep 18 03:40:00,kali,2103,Accepted password for bob from 10.0.0.8 port 32656 ssh2,10.0.0.8,bob,benign
Sep 18 03:40:09,kali,2435,Failed password for invalid user svc_backup from 10.0.0.5 port 59209 ssh2,10.0.0.5,svc_backup,benign
Sep 18 03:40:21,kali,2778,Failed password for bob from 10.0.0.9 port 21897 ssh2,10.0.0.9,bob,benign
Sep 18 03:40:40,kali,2641,Accepted password for alice from 10.0.0.9 port 28142 ssh2,10.0.0.9,alice,benign
Sep 18 03:40:55,kali,2143,Accepted password for carol from 10.0.0.8 port 48140 ssh2,10.0.0.8,carol,benign
Sep 18 03:41:03,kali,2678,Failed password for bob from 192.168.100.103 port 26875 ssh2,192.168.100.103,bob,benign
Sep 18 03:41:08,kali,2926,Failed password for invalid user carol from 10.0.0.51 port 31449 ssh2,10.0.0.51,carol,attacker
Sep 18 03:41:18,kali,2713,Accepted password for svc_backup from 10.0.0.3 port 57088 ssh2,10.0.0.3,svc_backup,benign
Sep 18 03:41:31,kali,2392,Failed password for root from 10.0.0.50 port 39059 ssh2,10.0.0.50,root,attacker
Sep 18 03:41:39,kali,2320,Failed password for admin from 10.0.0.51 port 29362 ssh2,10.0.0.51,admin,attacker
Sep 18 03:41:44,kali,2830,Connection closed by 10.0.0.7 port 25526 [preauth],,,benign
Sep 18 03:41:48,kali,2426,PAM: Authentication failure for svc_backup from 192.168.100.104,192.168.100.104,svc_backup,benign
Sep 18 03:41:52,kali,2210,Failed password for admin from 10.0.0.51 port 26096 ssh2,10.0.0.51,admin,attacker
Sep 18 03:42:17,kali,2784,Failed password for testuser from 10.0.0.9 port 26822 ssh2,10.0.0.9,testuser,benign
Sep 18 03:42:19,kali,2576,Accepted password for svc_backup from 10.0.0.6 port 55103 ssh2,10.0.0.6,svc_backup,benign
Sep 18 03:42:27,kali,2296,Accepted password for root from 10.0.0.6 port 25669 ssh2,10.0.0.6,root,benign
Sep 18 03:42:33,kali,2025,Failed password for testuser from 10.0.0.50 port 30547 ssh2,10.0.0.50,testuser,attacker
Sep 18 03:42:41,kali,2260,Failed password for bob from 10.0.0.51 port 32489 ssh2,10.0.0.51,bob,attacker
Sep 18 03:43:02,kali,2358,Connection closed by 10.0.0.7 port 27529 [preauth],,,benign
Sep 18 03:43:25,kali,2156,Failed password for invalid user root from 10.0.0.8 port 45009 ssh2,10.0.0.8,root,benign
Sep 18 03:44:16,kali,2246,Failed password for alice from 192.168.100.100 port 40740 ssh2,192.168.100.100,alice,benign
Sep 18 03:44:19,kali,2241,Failed password for testuser from 10.0.0.50 port 45939 ssh2,10.0.0.50,testuser,attacker
Sep 18 03:44:21,kali,2135,Accepted password for svc_backup from 10.0.0.2 port 30446 ssh2,10.0.0.2,svc_backup,benign
Sep 18 03:44:23,kali,2586,Failed password for root from 10.0.0.7 port 22726 ssh2,10.0.0.7,root,benign
Sep 18 03:44:38,kali,2841,Failed password for testuser from 192.168.100.101 port 29943 ssh2,192.168.100.101,testuser,benign
Sep 18 03:44:58,kali,2898,PAM: Authentication failure for root from 10.0.0.7,10.0.0.7,root,benign
Sep 18 03:44:59,kali,2779,Failed password for testuser from 192.168.100.101 port 54989 ssh2,192.168.100.101,testuser,benign
Sep 18 03:45:20,kali,2143,Failed password for root from 10.0.0.51 port 55228 ssh2,10.0.0.51,root,attacker
Sep 18 03:45:31,kali,2764,PAM: Authentication failure for bob from 192.168.100.104,192.168.100.104,bob,benign
Sep 18 03:46:24,kali,2880,Failed password for invalid user bob from 10.0.0.50 port 26712 ssh2,10.0.0.50,bob,attacker
Sep 18 03:47:07,kali,2790,Connection closed by 10.0.0.9 port 58621 [preauth],,,benign
Sep 18 03:47:26,kali,2479,Accepted password for carol from 10.0.0.8 port 52798 ssh2,10.0.0.8,carol,benign
Sep 18 03:47:31,kali,2291,Failed password for admin from 10.0.0.51 port 26010 ssh2,10.0.0.51,admin,attacker
Sep 18 03:48:25,kali,2758,Failed password for bob from 192.168.100.104 port 41996 ssh2,192.168.100.104,bob,benign
Sep 18 03:48:31,kali,2899,Connection closed by 10.0.0.50 port 58521 [preauth],,,benign
Sep 18 03:48:32,kali,2675,Failed password for root from 10.0.0.6 port 47730 ssh2,10.0.0.6,root,benign
Sep 18 03:48:37,kali,2998,Failed password for root from 10.0.0.7 port 29454 ssh2,10.0.0.7,root,benign
Sep 18 03:48:39,kali,2094,PAM: Authentication failure for alice from 10.0.0.52,10.0.0.52,alice,attacker
Sep 18 03:48:41,kali,2609,Accepted password for carol from 10.0.0.3 port 56629 ssh2,10.0.0.3,carol,benign
Sep 18 03:49:06,kali,2348,Accepted password for alice from 10.0.0.7 port 21436 ssh2,10.0.0.7,alice,benign
Sep 18 03:49:10,kali,2202,Connection closed by 10.0.0.7 port 25507 [preauth],,,benign
Sep 18 03:49:11,kali,2778,Failed password for bob from 10.0.0.7 port 37529 ssh2,10.0.0.7,bob,benign
Sep 18 03:49:31,kali,2396,Connection closed by 10.0.0.51 port 47581 [preauth],,,benign
Sep 18 03:49:39,kali,2089,Failed password for root from 192.168.100.100 port 21721 ssh2,192.168.100.100,root,benign
Sep 18 03:49:53,kali,2820,Failed password for root from 192.168.100.100 port 49004 ssh2,192.168.100.100,root,benign
Sep 18 03:49:54,kali,2141,Failed password for root from 192.168.100.103 port 55901 ssh2,192.168.100.103,root,benign
Sep 18 03:50:02,kali,2475,Failed password for root from 10.0.0.51 port 30868 ssh2,10.0.0.51,root,attacker
Sep 18 03:50:09,kali,2270,Failed password for testuser from 10.0.0.52 port 33803 ssh2,10.0.0.52,testuser,attacker
Sep 18 03:50:31,kali,2397,Failed password for testuser from 192.168.100.103 port 47467 ssh2,192.168.100.103,testuser,benign
Sep 18 03:50:31,kali,2799,Connection closed by 10.0.0.51 port 21897 [preauth],,,benign
Sep 18 03:50:39,kali,2307,Failed password for dave from 10.0.0.5 port 46099 ssh2,10.0.0.5,dave,benign
Sep 18 03:50:57,kali,2718,Failed password for root from 10.0.0.7 port 36990 ssh2,10.0.0.7,root,benign
Sep 18 03:51:07,kali,2588,Failed password for admin from 10.0.0.52 port 52089 ssh2,10.0.0.52,admin,attacker
Sep 18 03:51:16,kali,2271,Failed password for carol from 10.0.0.5 port 26023 ssh2,10.0.0.5,carol,benign
Sep 18 03:51:16,kali,2893,Failed password for root from 10.0.0.7 port 53810 ssh2,10.0.0.7,root,benign
Sep 18 03:51:23,kali,2275,Failed password for bob from 10.0.0.3 port 47597 ssh2,10.0.0.3,bob,benign
Sep 18 03:51:29,kali,2648,Failed password for testuser from 10.0.0.50 port 24847 ssh2,10.0.0.50,testuser,attacker
Sep 18 03:52:51,kali,2770,Connection closed by 10.0.0.8 port 25042 [preauth],,,benign
Sep 18 03:52:59,kali,2133,Failed password for testuser from 10.0.0.3 port 28637 ssh2,10.0.0.3,testuser,benign
Sep 18 03:53:21,kali,2140,Failed password for testuser from 10.0.0.9 port 50743 ssh2,10.0.0.9,testuser,benign
Sep 18 03:53:28,kali,2262,Failed password for svc_backup from 192.168.100.104 port 31609 ssh2,192.168.100.104,svc_backup,benign
Sep 18 03:53:46,kali,2807,PAM: Authentication failure for carol from 10.0.0.2,10.0.0.2,carol,benign
Sep 18 03:53:49,kali,2600,Accepted password for svc_backup from 10.0.0.4 port 27269 ssh2,10.0.0.4,svc_backup,benign
Sep 18 03:54:03,kali,2457,Failed password for svc_backup from 10.0.0.52 port 41088 ssh2,10.0.0.52,svc_backup,attacker
Sep 18 03:54:13,kali,2830,Failed password for alice from 10.0.0.50 port 34790 ssh2,10.0.0.50,alice,attacker
Sep 18 03:54:32,kali,2341,Failed password for carol from 10.0.0.7 port 45687 ssh2,10.0.0.7,carol,benign
Sep 18 03:54:37,kali,2015,Failed password for svc_backup from 10.0.0.51 port 50388 ssh2,10.0.0.51,svc_backup,attacker
Sep 18 03:54:50,kali,2422,Accepted password for root from 10.0.0.8 port 50907 ssh2,10.0.0.8,root,benign
Sep 18 03:55:06,kali,2200,Failed password for dave from 10.0.0.5 port 42122 ssh2,10.0.0.5,dave,benign
Sep 18 03:55:15,kali,2445,Failed password for carol from 192.168.100.102 port 55269 ssh2,192.168.100.102,carol,benign
Sep 18 03:55:36,kali,2166,Failed password for svc_backup from 192.168.100.101 port 48683 ssh2,192.168.100.101,svc_backup,benign
Sep 18 03:55:45,kali,2040,Failed password for testuser from 10.0.0.50 port 57530 ssh2,10.0.0.50,testuser,attacker
Sep 18 03:56:37,kali,2451,Failed password for bob from 10.0.0.8 port 28645 ssh2,10.0.0.8,bob,benign
Sep 18 03:57:10,kali,2975,Failed password for svc_backup from 192.168.100.102 port 28272 ssh2,192.168.100.102,svc_backup,benign
Sep 18 03:57:25,kali,2749,Failed password for carol from 10.0.0.3 port 51636 ssh2,10.0.0.3,carol,benign
Sep 18 03:57:51,kali,2402,PAM: Authentication failure for root from 10.0.0.51,10.0.0.51,root,attacker
Sep 18 03:57:51,kali,2999,Accepted password for dave from 10.0.0.4 port 21624 ssh2,10.0.0.4,dave,benign
Sep 18 03:58:12,kali,2987,Failed password for root from 10.0.0.6 port 44596 ssh2,10.0.0.6,root,benign
Sep 18 03:58:24,kali,2335,Connection closed by 10.0.0.9 port 27617 [preauth],,,benign
Sep 18 03:58:33,kali,2860,Failed password for root from 10.0.0.52 port 58790 ssh2,10.0.0.52,root,attacker
Sep 18 03:58:38,kali,2076,Accepted password for bob from 10.0.0.7 port 41685 ssh2,10.0.0.7,bob,benign
Sep 18 03:59:02,kali,2811,Failed password for testuser from 10.0.0.7 port 59316 ssh2,10.0.0.7,testuser,benign
Sep 18 03:59:04,kali,2380,Failed password for testuser from 10.0.0.6 port 21923 ssh2,10.0.0.6,testuser,benign
Sep 18 03:59:37,kali,2126,Failed password for dave from 10.0.0.2 port 36763 ssh2,10.0.0.2,dave,benign
Sep 18 04:00:24,kali,2820,PAM: Authentication failure for svc_backup from 192.168.100.103,192.168.100.103,svc_backup,benign
Sep 18 04:00:30,kali,2282,Failed password for testuser from 192.168.100.102 port 45938 ssh2,192.168.100.102,testuser,benign
Sep 18 04:00:46,kali,2470,PAM: Authentication failure for root from 10.0.0.52,10.0.0.52,root,attacker
Sep 18 04:00:55,kali,2180,Failed password for testuser from 10.0.0.52 port 21848 ssh2,10.0.0.52,testuser,attacker
Sep 18 04:00:55,kali,2197,Connection closed by 10.0.0.5 port 23776 [preauth],,,benign
Sep 18 04:01:12,kali,2468,PAM: Authentication failure for carol from 192.168.100.103,192.168.100.103,carol,benign
Sep 18 04:01:16,kali,2416,Failed password for carol from 192.168.100.100 port 27668 ssh2,192.168.100.100,carol,benign
Sep 18 04:01:27,kali,2132,Failed password for root from 192.168.100.100 port 43210 ssh2,192.168.100.100,root,benign
Sep 18 04:01:30,kali,2823,PAM: Authentication failure for alice from 192.168.100.103,192.168.100.103,alice,benign
Sep 18 04:01:52,kali,2708,Failed password for alice from 10.0.0.4 port 59357 ssh2,10.0.0.4,alice,benign
Sep 18 04:01:55,kali,2699,Failed password for root from 192.168.100.103 port 22663 ssh2,192.168.100.103,root,benign
Sep 18 04:01:58,kali,2983,Connection closed by 10.0.0.51 port 56132 [preauth],,,benign
Sep 18 04:02:13,kali,2487,Failed password for admin from 10.0.0.52 port 32462 ssh2,10.0.0.52,admin,attacker
Sep 18 04:02:26,kali,2109,PAM: Authentication failure for bob from 10.0.0.6,10.0.0.6,bob,benign
Sep 18 04:02:27,kali,2754,PAM: Authentication failure for svc_backup from 192.168.100.102,192.168.100.102,svc_backup,benign
Sep 18 04:02:38,kali,2529,PAM: Authentication failure for testuser from 10.0.0.2,10.0.0.2,testuser,benign
Sep 18 04:02:44,kali,2279,Accepted password for carol from 10.0.0.6 port 43004 ssh2,10.0.0.6,carol,benign
Sep 18 04:03:10,kali,2786,PAM: Authentication failure for root from 192.168.100.102,192.168.100.102,root,benign
Sep 18 04:03:12,kali,2616,Failed password for bob from 192.168.100.101 port 26822 ssh2,192.168.100.101,bob,benign
Sep 18 04:03:25,kali,2782,PAM: Authentication failure for dave from 10.0.0.50,10.0.0.50,dave,attacker
Sep 18 04:03:28,kali,2382,Accepted password for dave from 10.0.0.8 port 59087 ssh2,10.0.0.8,dave,benign
Sep 18 04:03:43,kali,2226,Failed password for root from 10.0.0.50 port 55969 ssh2,10.0.0.50,root,attacker
Sep 18 04:04:22,kali,2655,Accepted password for alice from 10.0.0.8 port 32931 ssh2,10.0.0.8,alice,benign
Sep 18 04:04:45,kali,2328,Failed password for admin from 10.0.0.52 port 38488 ssh2,10.0.0.52,admin,attacker
Sep 18 04:04:55,kali,2153,Failed password for svc_backup from 10.0.0.50 port 29170 ssh2,10.0.0.50,svc_backup,attacker
Sep 18 04:04:59,kali,2714,Failed password for invalid user dave from 192.168.100.104 port 50996 ssh2,192.168.100.104,dave,benign
Sep 18 04:05:18,kali,2580,Failed password for testuser from 10.0.0.52 port 59235 ssh2,10.0.0.52,testuser,attacker
Sep 18 04:05:20,kali,2303,Failed password for root from 10.0.0.52 port 23746 ssh2,10.0.0.52,root,attacker
Sep 18 04:05:25,kali,2549,Failed password for dave from 10.0.0.6 port 24940 ssh2,10.0.0.6,dave,benign
Sep 18 04:05:47,kali,2221,Accepted password for testuser from 10.0.0.6 port 58639 ssh2,10.0.0.6,testuser,benign
Sep 18 04:05:52,kali,2430,Accepted password for testuser from 10.0.0.8 port 31405 ssh2,10.0.0.8,testuser,benign
Sep 18 04:05:53,kali,2634,Failed password for svc_backup from 10.0.0.6 port 44448 ssh2,10.0.0.6,svc_backup,benign
Sep 18 04:05:59,kali,2980,Failed password for carol from 10.0.0.5 port 33584 ssh2,10.0.0.5,carol,benign
Sep 18 04:06:06,kali,2129,Failed password for admin from 10.0.0.52 port 29691 ssh2,10.0.0.52,admin,attacker
Sep 18 04:06:10,kali,2021,Accepted password for testuser from 10.0.0.7 port 28829 ssh2,10.0.0.7,testuser,benign
Sep 18 04:06:13,kali,2408,Failed password for carol from 192.168.100.104 port 53384 ssh2,192.168.100.104,carol,benign
Sep 18 04:06:19,kali,2325,Failed password for admin from 10.0.0.52 port 43887 ssh2,10.0.0.52,admin,attacker
Sep 18 04:06:36,kali,2465,PAM: Authentication failure for carol from 10.0.0.2,10.0.0.2,carol,benign
Sep 18 04:07:07,kali,2794,Accepted password for carol from 10.0.0.5 port 49413 ssh2,10.0.0.5,carol,benign
Sep 18 04:07:17,kali,2468,Failed password for root from 10.0.0.9 port 40539 ssh2,10.0.0.9,root,benign
Sep 18 04:07:44,kali,2369,Connection closed by 10.0.0.52 port 34272 [preauth],,,benign
Sep 18 04:07:50,kali,2616,Failed password for alice from 10.0.0.2 port 41826 ssh2,10.0.0.2,alice,benign
Sep 18 04:07:52,kali,2471,Accepted password for root from 10.0.0.3 port 33660 ssh2,10.0.0.3,root,benign
Sep 18 04:09:31,kali,2070,Connection closed by 10.0.0.50 port 33576 [preauth],,,benign
Sep 18 04:09:34,kali,2734,Failed password for root from 10.0.0.52 port 53636 ssh2,10.0.0.52,root,attacker
Sep 18 04:09:35,kali,2711,Accepted password for carol from 10.0.0.2 port 47582 ssh2,10.0.0.2,carol,benign
Sep 18 04:09:45,kali,2068,Failed password for root from 10.0.0.52 port 22899 ssh2,10.0.0.52,root,attacker
Sep 18 04:09:56,kali,2275,Accepted password for svc_backup from 10.0.0.2 port 20583 ssh2,10.0.0.2,svc_backup,benign
Sep 18 04:09:56,kali,2530,PAM: Authentication failure for dave from 192.168.100.100,192.168.100.100,dave,benign
Sep 18 04:09:58,kali,2670,Accepted password for carol from 10.0.0.7 port 23556 ssh2,10.0.0.7,carol,benign
Sep 18 04:09:59,kali,2174,Failed password for svc_backup from 10.0.0.9 port 46048 ssh2,10.0.0.9,svc_backup,benign
Sep 18 04:10:10,kali,2462,Failed password for admin from 10.0.0.50 port 39937 ssh2,10.0.0.50,admin,attacker
Sep 18 04:10:11,kali,2704,PAM: Authentication failure for bob from 10.0.0.52,10.0.0.52,bob,attacker
Sep 18 04:10:59,kali,2170,Failed password for invalid user root from 10.0.0.51 port 46018 ssh2,10.0.0.51,root,attacker
Sep 18 04:11:02,kali,2686,Failed password for root from 10.0.0.52 port 48523 ssh2,10.0.0.52,root,attacker
Sep 18 04:11:09,kali,2785,Failed password for root from 10.0.0.51 port 48223 ssh2,10.0.0.51,root,attacker
Sep 18 04:11:12,kali,2922,Connection closed by 10.0.0.51 port 51162 [preauth],,,benign
Sep 18 04:11:18,kali,2422,PAM: Authentication failure for bob from 10.0.0.6,10.0.0.6,bob,benign
Sep 18 04:11:19,kali,2951,Failed password for testuser from 10.0.0.5 port 44472 ssh2,10.0.0.5,testuser,benign
Sep 18 04:11:24,kali,2363,Accepted password for carol from 10.0.0.7 port 59069 ssh2,10.0.0.7,carol,benign
Sep 18 04:11:44,kali,2679,Failed password for svc_backup from 10.0.0.5 port 51120 ssh2,10.0.0.5,svc_backup,benign
Sep 18 04:11:50,kali,2523,Failed password for testuser from 192.168.100.104 port 25557 ssh2,192.168.100.104,testuser,benign
Sep 18 04:11:54,kali,2206,Connection closed by 10.0.0.6 port 56832 [preauth],,,benign
Sep 18 04:12:08,kali,2876,Failed password for svc_backup from 192.168.100.103 port 56284 ssh2,192.168.100.103,svc_backup,benign
Sep 18 04:12:11,kali,2440,Failed password for svc_backup from 10.0.0.51 port 26231 ssh2,10.0.0.51,svc_backup,attacker
Sep 18 04:12:13,kali,2385,Failed password for testuser from 10.0.0.51 port 57197 ssh2,10.0.0.51,testuser,attacker
Sep 18 04:13:12,kali,2517,Failed password for testuser from 10.0.0.52 port 21030 ssh2,10.0.0.52,testuser,attacker
Sep 18 04:13:47,kali,2224,PAM: Authentication failure for bob from 192.168.100.104,192.168.100.104,bob,benign
Sep 18 04:14:06,kali,2836,Failed password for root from 10.0.0.50 port 44507 ssh2,10.0.0.50,root,attacker
Sep 18 04:14:07,kali,2768,Failed password for root from 10.0.0.51 port 45802 ssh2,10.0.0.51,root,attacker
Sep 18 04:14:13,kali,2204,Connection closed by 10.0.0.9 port 42915 [preauth],,,benign
Sep 18 04:14:21,kali,2864,Failed password for root from 192.168.100.101 port 43808 ssh2,192.168.100.101,root,benign
Sep 18 04:14:26,kali,2681,Failed password for invalid user testuser from 10.0.0.51 port 20117 ssh2,10.0.0.51,testuser,attacker
Sep 18 04:14:44,kali,2760,Failed password for svc_backup from 192.168.100.100 port 38850 ssh2,192.168.100.100,svc_backup,benign
Sep 18 04:14:47,kali,2329,Failed password for carol from 10.0.0.7 port 57456 ssh2,10.0.0.7,carol,benign
Sep 18 04:15:04,kali,2933,Failed password for svc_backup from 10.0.0.7 port 59543 ssh2,10.0.0.7,svc_backup,benign
Sep 18 04:15:06,kali,2653,Failed password for invalid user testuser from 10.0.0.51 port 29009 ssh2,10.0.0.51,testuser,attacker
Sep 18 04:15:16,kali,2710,Connection closed by 10.0.0.6 port 28449 [preauth],,,benign
Sep 18 04:15:38,kali,2932,Failed password for dave from 192.168.100.102 port 21106 ssh2,192.168.100.102,dave,benign
Sep 18 04:15:43,kali,2137,Failed password for svc_backup from 192.168.100.104 port 47313 ssh2,192.168.100.104,svc_backup,benign
Sep 18 04:16:13,kali,2457,Accepted password for alice from 10.0.0.4 port 34054 ssh2,10.0.0.4,alice,benign
Sep 18 04:16:17,kali,2078,Failed password for admin from 10.0.0.50 port 27754 ssh2,10.0.0.50,admin,attacker
Sep 18 04:16:19,kali,2602,Failed password for invalid user admin from 10.0.0.52 port 22058 ssh2,10.0.0.52,admin,attacker
Sep 18 04:16:22,kali,2424,Connection closed by 10.0.0.3 port 51556 [preauth],,,benign
Sep 18 04:17:16,kali,2076,PAM: Authentication failure for svc_backup from 10.0.0.6,10.0.0.6,svc_backup,benign
Sep 18 04:17:22,kali,2546,Failed password for dave from 192.168.100.104 port 32715 ssh2,192.168.100.104,dave,benign
Sep 18 04:17:49,kali,2487,Failed password for alice from 192.168.100.103 port 53870 ssh2,192.168.100.103,alice,benign
Sep 18 04:17:51,kali,2395,PAM: Authentication failure for bob from 192.168.100.100,192.168.100.100,bob,benign
Sep 18 04:17:52,kali,2568,Failed password for svc_backup from 10.0.0.4 port 29800 ssh2,10.0.0.4,svc_backup,benign
Sep 18 04:18:01,kali,2170,Failed password for alice from 10.0.0.8 port 20141 ssh2,10.0.0.8,alice,benign
Sep 18 04:18:08,kali,2298,Failed password for testuser from 10.0.0.51 port 37822 ssh2,10.0.0.51,testuser,attacker
Sep 18 04:18:11,kali,2214,Connection closed by 10.0.0.51 port 42978 [preauth],,,benign
Sep 18 04:18:15,kali,2390,Failed password for invalid user carol from 192.168.100.103 port 45939 ssh2,192.168.100.103,carol,benign
Sep 18 04:18:20,kali,2098,Failed password for invalid user bob from 10.0.0.9 port 20250 ssh2,10.0.0.9,bob,benign
Sep 18 04:18:37,kali,2129,Failed password for testuser from 10.0.0.50 port 30996 ssh2,10.0.0.50,testuser,attacker
Sep 18 04:18:49,kali,2726,Failed password for invalid user dave from 192.168.100.100 port 27435 ssh2,192.168.100.100,dave,benign
Sep 18 04:19:37,kali,2032,Failed password for alice from 10.0.0.5 port 47445 ssh2,10.0.0.5,alice,benign
Sep 18 04:19:51,kali,2009,PAM: Authentication failure for testuser from 192.168.100.104,192.168.100.104,testuser,benign
Sep 18 04:20:14,kali,2088,PAM: Authentication failure for dave from 10.0.0.5,10.0.0.5,dave,benign
Sep 18 04:20:25,kali,2154,Failed password for root from 10.0.0.5 port 20628 ssh2,10.0.0.5,root,benign
Sep 18 04:21:00,kali,2204,Connection closed by 10.0.0.51 port 29986 [preauth],,,benign
Sep 18 04:21:04,kali,2471,Failed password for invalid user root from 10.0.0.52 port 47475 ssh2,10.0.0.52,root,attacker
Sep 18 04:21:14,kali,2273,Failed password for invalid user svc_backup from 10.0.0.8 port 50847 ssh2,10.0.0.8,svc_backup,benign
Sep 18 04:21:16,kali,2673,Accepted password for testuser from 10.0.0.4 port 22903 ssh2,10.0.0.4,testuser,benign
Sep 18 04:21:27,kali,2394,Accepted password for bob from 10.0.0.9 port 22196 ssh2,10.0.0.9,bob,benign
Sep 18 04:21:36,kali,2033,Failed password for bob from 192.168.100.103 port 50423 ssh2,192.168.100.103,bob,benign
Sep 18 04:21:37,kali,2682,Failed password for root from 10.0.0.8 port 35514 ssh2,10.0.0.8,root,benign
Sep 18 04:21:39,kali,2149,Accepted password for svc_backup from 10.0.0.5 port 45736 ssh2,10.0.0.5,svc_backup,benign
Sep 18 04:21:56,kali,2920,Failed password for carol from 192.168.100.100 port 52118 ssh2,192.168.100.100,carol,benign
Sep 18 04:22:03,kali,2927,PAM: Authentication failure for alice from 10.0.0.3,10.0.0.3,alice,benign
Sep 18 04:23:32,kali,2553,Accepted password for root from 10.0.0.2 port 44573 ssh2,10.0.0.2,root,benign
Sep 18 04:23:45,kali,2781,Connection closed by 10.0.0.52 port 52151 [preauth],,,benign
Sep 18 04:24:31,kali,2388,Failed password for svc_backup from 10.0.0.7 port 38235 ssh2,10.0.0.7,svc_backup,benign
Sep 18 04:24:41,kali,2566,PAM: Authentication failure for carol from 192.168.100.102,192.168.100.102,carol,benign
Sep 18 04:25:04,kali,2598,Failed password for alice from 10.0.0.7 port 50898 ssh2,10.0.0.7,alice,benign
Sep 18 04:25:22,kali,2450,Failed password for invalid user root from 10.0.0.51 port 26337 ssh2,10.0.0.51,root,attacker
Sep 18 04:25:23,kali,2254,Failed password for svc_backup from 192.168.100.103 port 56343 ssh2,192.168.100.103,svc_backup,benign
Sep 18 04:25:42,kali,2171,Accepted password for dave from 10.0.0.7 port 59094 ssh2,10.0.0.7,dave,benign
Sep 18 04:25:43,kali,2806,Accepted password for dave from 10.0.0.5 port 27521 ssh2,10.0.0.5,dave,benign
Sep 18 04:25:44,kali,2676,Failed password for invalid user admin from 10.0.0.52 port 49524 ssh2,10.0.0.52,admin,attacker
Sep 18 04:25:48,kali,2142,Failed password for testuser from 10.0.0.6 port 58242 ssh2,10.0.0.6,testuser,benign
Sep 18 04:25:54,kali,2135,PAM: Authentication failure for bob from 10.0.0.4,10.0.0.4,bob,benign
Sep 18 04:25:54,kali,2214,Failed password for root from 10.0.0.51 port 23155 ssh2,10.0.0.51,root,attacker
Sep 18 04:25:58,kali,2039,Failed password for svc_backup from 192.168.100.103 port 59728 ssh2,192.168.100.103,svc_backup,benign
Sep 18 04:26:15,kali,2546,Connection closed by 10.0.0.2 port 34379 [preauth],,,benign
Sep 18 04:26:20,kali,2787,Failed password for invalid user bob from 10.0.0.51 port 37261 ssh2,10.0.0.51,bob,attacker
Sep 18 04:26:26,kali,2840,Failed password for root from 192.168.100.101 port 52089 ssh2,192.168.100.101,root,benign
Sep 18 04:26:48,kali,2330,Connection closed by 10.0.0.7 port 55868 [preauth],,,benign
Sep 18 04:26:59,kali,2128,Accepted password for bob from 10.0.0.2 port 25911 ssh2,10.0.0.2,bob,benign
Sep 18 04:27:19,kali,2184,Failed password for svc_backup from 10.0.0.2 port 23839 ssh2,10.0.0.2,svc_backup,benign
Sep 18 04:27:27,kali,2313,Failed password for root from 10.0.0.50 port 32133 ssh2,10.0.0.50,root,attacker
Sep 18 04:27:30,kali,2047,PAM: Authentication failure for root from 10.0.0.50,10.0.0.50,root,attacker
Sep 18 04:27:33,kali,2908,Failed password for testuser from 10.0.0.7 port 49510 ssh2,10.0.0.7,testuser,benign
Sep 18 04:27:39,kali,2140,Failed password for invalid user bob from 10.0.0.5 port 54802 ssh2,10.0.0.5,bob,benign
Sep 18 04:28:11,kali,2407,PAM: Authentication failure for dave from 10.0.0.51,10.0.0.51,dave,attacker
Sep 18 04:28:26,kali,2008,Failed password for alice from 192.168.100.103 port 52553 ssh2,192.168.100.103,alice,benign
Sep 18 04:28:55,kali,2569,Failed password for bob from 10.0.0.3 port 52019 ssh2,10.0.0.3,bob,benign
Sep 18 04:28:55,kali,2791,Accepted password for carol from 10.0.0.8 port 53275 ssh2,10.0.0.8,carol,benign
Sep 18 04:29:02,kali,2860,Failed password for dave from 10.0.0.7 port 43510 ssh2,10.0.0.7,dave,benign
Sep 18 04:29:21,kali,2159,Failed password for alice from 10.0.0.3 port 43526 ssh2,10.0.0.3,alice,benign
Sep 18 04:29:23,kali,2464,Failed password for carol from 10.0.0.7 port 37496 ssh2,10.0.0.7,carol,benign
Sep 18 04:29:26,kali,2051,Failed password for dave from 10.0.0.8 port 25166 ssh2,10.0.0.8,dave,benign
Sep 18 04:29:33,kali,2587,Failed password for svc_backup from 192.168.100.100 port 56486 ssh2,192.168.100.100,svc_backup,benign
Sep 18 04:29:38,kali,2902,Failed password for root from 192.168.100.101 port 42046 ssh2,192.168.100.101,root,benign
Sep 18 04:29:50,kali,2461,Failed password for admin from 10.0.0.52 port 37691 ssh2,10.0.0.52,admin,attacker
Sep 18 04:30:21,kali,2783,PAM: Authentication failure for dave from 192.168.100.101,192.168.100.101,dave,benign
Sep 18 04:30:25,kali,2796,Failed password for svc_backup from 10.0.0.4 port 59627 ssh2,10.0.0.4,svc_backup,benign
Sep 18 04:30:53,kali,2969,Failed password for svc_backup from 10.0.0.9 port 34376 ssh2,10.0.0.9,svc_backup,benign
Sep 18 04:30:58,kali,2527,Accepted password for alice from 10.0.0.7 port 35392 ssh2,10.0.0.7,alice,benign
Sep 18 04:31:10,kali,2743,Connection closed by 10.0.0.51 port 42812 [preauth],,,benign
Sep 18 04:31:13,kali,2664,Accepted password for dave from 10.0.0.6 port 32320 ssh2,10.0.0.6,dave,benign
Sep 18 04:31:33,kali,2898,Connection closed by 10.0.0.2 port 54257 [preauth],,,benign
Sep 18 04:31:38,kali,2794,Accepted password for bob from 10.0.0.7 port 32460 ssh2,10.0.0.7,bob,benign
Sep 18 04:31:44,kali,2699,Failed password for svc_backup from 192.168.100.103 port 55466 ssh2,192.168.100.103,svc_backup,benign
Sep 18 04:32:01,kali,2614,Failed password for admin from 10.0.0.52 port 34696 ssh2,10.0.0.52,admin,attacker
Sep 18 04:32:11,kali,2678,PAM: Authentication failure for dave from 10.0.0.3,10.0.0.3,dave,benign
Sep 18 04:32:18,kali,2172,Accepted password for root from 10.0.0.9 port 53476 ssh2,10.0.0.9,root,benign
Sep 18 04:32:21,kali,2143,Failed password for alice from 192.168.100.101 port 20628 ssh2,192.168.100.101,alice,benign
Sep 18 04:32:29,kali,2586,Failed password for invalid user svc_backup from 192.168.100.102 port 46974 ssh2,192.168.100.102,svc_backup,benign
Sep 18 04:32:47,kali,2043,Failed password for dave from 10.0.0.7 port 51396 ssh2,10.0.0.7,dave,benign
Sep 18 04:33:10,kali,2423,Failed password for admin from 10.0.0.52 port 31108 ssh2,10.0.0.52,admin,attacker
Sep 18 04:33:46,kali,2474,Connection closed by 10.0.0.9 port 23517 [preauth],,,benign
Sep 18 04:34:42,kali,2464,Failed password for dave from 10.0.0.51 port 42294 ssh2,10.0.0.51,dave,attacker
Sep 18 04:34:42,kali,2940,Failed password for root from 10.0.0.50 port 27664 ssh2,10.0.0.50,root,attacker
Sep 18 04:34:46,kali,2895,PAM: Authentication failure for carol from 192.168.100.103,192.168.100.103,carol,benign
Sep 18 04:34:52,kali,2693,Connection closed by 10.0.0.52 port 44453 [preauth],,,benign
Sep 18 04:35:10,kali,2654,PAM: Authentication failure for dave from 10.0.0.50,10.0.0.50,dave,attacker
Sep 18 04:35:12,kali,2166,Failed password for testuser from 10.0.0.8 port 41740 ssh2,10.0.0.8,testuser,benign
Sep 18 04:35:17,kali,2009,Accepted password for root from 10.0.0.6 port 35152 ssh2,10.0.0.6,root,benign
Sep 18 04:35:20,kali,2495,Accepted password for carol from 10.0.0.7 port 36160 ssh2,10.0.0.7,carol,benign
Sep 18 04:35:29,kali,2519,Failed password for testuser from 10.0.0.8 port 28341 ssh2,10.0.0.8,testuser,benign
Sep 18 04:35:36,kali,2878,Accepted password for alice from 10.0.0.9 port 56856 ssh2,10.0.0.9,alice,benign
Sep 18 04:35:53,kali,2330,Failed password for svc_backup from 10.0.0.51 port 31416 ssh2,10.0.0.51,svc_backup,attacker
Sep 18 04:35:58,kali,2203,PAM: Authentication failure for alice from 192.168.100.104,192.168.100.104,alice,benign
Sep 18 04:35:59,kali,2693,Failed password for invalid user alice from 192.168.100.101 port 44525 ssh2,192.168.100.101,alice,benign
Sep 18 04:36:16,kali,2979,PAM: Authentication failure for bob from 10.0.0.8,10.0.0.8,bob,benign
Sep 18 04:36:49,kali,2840,Accepted password for bob from 10.0.0.5 port 21550 ssh2,10.0.0.5,bob,benign
Sep 18 04:36:53,kali,2498,Failed password for testuser from 10.0.0.52 port 29175 ssh2,10.0.0.52,testuser,attacker
Sep 18 04:37:29,kali,2815,Connection closed by 10.0.0.52 port 21746 [preauth],,,benign
Sep 18 04:37:33,kali,2374,Failed password for admin from 10.0.0.50 port 50749 ssh2,10.0.0.50,admin,attacker
Sep 18 04:37:49,kali,2184,PAM: Authentication failure for svc_backup from 10.0.0.52,10.0.0.52,svc_backup,attacker
Sep 18 04:38:12,kali,2763,Failed password for root from 10.0.0.50 port 32707 ssh2,10.0.0.50,root,attacker
Sep 18 04:38:14,kali,2230,Connection closed by 10.0.0.4 port 21600 [preauth],,,benign
Sep 18 04:38:23,kali,2287,Connection closed by 10.0.0.52 port 26436 [preauth],,,benign
Sep 18 04:38:49,kali,2437,Failed password for invalid user testuser from 10.0.0.50 port 25594 ssh2,10.0.0.50,testuser,attacker
Sep 18 04:39:05,kali,2324,Accepted password for root from 10.0.0.6 port 45916 ssh2,10.0.0.6,root,benign
Sep 18 04:39:12,kali,2728,Accepted password for bob from 10.0.0.5 port 33743 ssh2,10.0.0.5,bob,benign
Sep 18 04:39:16,kali,2244,Failed password for carol from 10.0.0.52 port 24754 ssh2,10.0.0.52,carol,attacker
Sep 18 04:39:21,kali,2810,Failed password for testuser from 10.0.0.50 port 21757 ssh2,10.0.0.50,testuser,attacker
Sep 18 04:39:37,kali,2410,Failed password for testuser from 10.0.0.52 port 52717 ssh2,10.0.0.52,testuser,attacker
Sep 18 04:39:41,kali,2422,PAM: Authentication failure for testuser from 10.0.0.2,10.0.0.2,testuser,benign
Sep 18 04:39:41,kali,2804,Failed password for invalid user alice from 10.0.0.52 port 30704 ssh2,10.0.0.52,alice,attacker
Sep 18 04:39:51,kali,2981,Failed password for admin from 10.0.0.50 port 48581 ssh2,10.0.0.50,admin,attacker
Sep 18 04:39:52,kali,2883,Accepted password for dave from 10.0.0.3 port 41799 ssh2,10.0.0.3,dave,benign
Sep 18 04:39:57,kali,2369,Failed password for testuser from 10.0.0.51 port 26699 ssh2,10.0.0.51,testuser,attacker
Sep 18 04:40:33,kali,2591,Failed password for bob from 10.0.0.7 port 29388 ssh2,10.0.0.7,bob,benign
Sep 18 04:40:37,kali,2298,Accepted password for root from 10.0.0.9 port 35887 ssh2,10.0.0.9,root,benign
Sep 18 04:40:47,kali,2914,Failed password for admin from 10.0.0.50 port 24209 ssh2,10.0.0.50,admin,attacker
Sep 18 04:40:55,kali,2936,Failed password for admin from 10.0.0.50 port 21062 ssh2,10.0.0.50,admin,attacker
Sep 18 04:41:07,kali,2390,PAM: Authentication failure for dave from 10.0.0.5,10.0.0.5,dave,benign
Sep 18 04:41:48,kali,2623,Failed password for svc_backup from 10.0.0.8 port 36651 ssh2,10.0.0.8,svc_backup,benign
Sep 18 04:41:50,kali,2958,Failed password for testuser from 10.0.0.50 port 39788 ssh2,10.0.0.50,testuser,attacker
Sep 18 04:42:17,kali,2884,Failed password for carol from 192.168.100.100 port 28854 ssh2,192.168.100.100,carol,benign
Sep 18 04:42:20,kali,2370,Failed password for admin from 10.0.0.52 port 42485 ssh2,10.0.0.52,admin,attacker
Sep 18 04:42:28,kali,2385,Failed password for alice from 10.0.0.7 port 33094 ssh2,10.0.0.7,alice,benign
Sep 18 04:42:51,kali,2088,Failed password for testuser from 10.0.0.50 port 35897 ssh2,10.0.0.50,testuser,attacker
Sep 18 04:42:51,kali,2595,Failed password for alice from 192.168.100.103 port 50044 ssh2,192.168.100.103,alice,benign
Sep 18 04:42:53,kali,2956,Failed password for dave from 10.0.0.50 port 40220 ssh2,10.0.0.50,dave,attacker
Sep 18 04:43:13,kali,2366,Connection closed by 10.0.0.51 port 37583 [preauth],,,benign
Sep 18 04:43:42,kali,2072,Failed password for admin from 10.0.0.51 port 57423 ssh2,10.0.0.51,admin,attacker
Sep 18 04:44:00,kali,2707,Failed password for invalid user carol from 10.0.0.6 port 39861 ssh2,10.0.0.6,carol,benign
Sep 18 04:44:12,kali,2861,Failed password for dave from 10.0.0.7 port 58954 ssh2,10.0.0.7,dave,benign
Sep 18 04:44:16,kali,2136,Failed password for bob from 192.168.100.102 port 50449 ssh2,192.168.100.102,bob,benign
Sep 18 04:44:33,kali,2789,Failed password for testuser from 10.0.0.4 port 48028 ssh2,10.0.0.4,testuser,benign
Sep 18 04:44:57,kali,2001,Accepted password for svc_backup from 10.0.0.8 port 40153 ssh2,10.0.0.8,svc_backup,benign
Sep 18 04:44:57,kali,2826,Failed password for testuser from 10.0.0.6 port 25050 ssh2,10.0.0.6,testuser,benign
Sep 18 04:45:20,kali,2519,Connection closed by 10.0.0.50 port 52102 [preauth],,,benign
Sep 18 04:45:36,kali,2431,Failed password for alice from 10.0.0.3 port 34956 ssh2,10.0.0.3,alice,benign
Sep 18 04:45:40,kali,2862,PAM: Authentication failure for svc_backup from 10.0.0.3,10.0.0.3,svc_backup,benign
Sep 18 04:45:45,kali,2110,Accepted password for testuser from 10.0.0.2 port 58588 ssh2,10.0.0.2,testuser,benign
Sep 18 04:45:58,kali,2823,Failed password for svc_backup from 10.0.0.4 port 46044 ssh2,10.0.0.4,svc_backup,benign
Sep 18 04:46:03,kali,2997,Failed password for svc_backup from 10.0.0.7 port 25414 ssh2,10.0.0.7,svc_backup,benign
Sep 18 04:47:06,kali,2208,Accepted password for root from 10.0.0.6 port 52016 ssh2,10.0.0.6,root,benign
Sep 18 04:47:22,kali,2898,Failed password for root from 10.0.0.9 port 22455 ssh2,10.0.0.9,root,benign
Sep 18 04:47:24,kali,2618,Failed password for root from 10.0.0.51 port 44807 ssh2,10.0.0.51,root,attacker
Sep 18 04:47:27,kali,2020,Failed password for root from 192.168.100.102 port 57741 ssh2,192.168.100.102,root,benign
Sep 18 04:47:38,kali,2246,Accepted password for svc_backup from 10.0.0.3 port 58135 ssh2,10.0.0.3,svc_backup,benign
Sep 18 04:47:58,kali,2970,PAM: Authentication failure for svc_backup from 10.0.0.51,10.0.0.51,svc_backup,attacker
Sep 18 04:48:22,kali,2986,Connection closed by 10.0.0.5 port 59738 [preauth],,,benign
Sep 18 04:48:26,kali,2121,Failed password for bob from 192.168.100.100 port 34594 ssh2,192.168.100.100,bob,benign
Sep 18 04:48:29,kali,2418,Failed password for carol from 10.0.0.4 port 52471 ssh2,10.0.0.4,carol,benign
Sep 18 04:48:36,kali,2319,Failed password for dave from 192.168.100.100 port 26397 ssh2,192.168.100.100,dave,benign
Sep 18 04:48:40,kali,2882,Connection closed by 10.0.0.9 port 27693 [preauth],,,benign
Sep 18 04:48:53,kali,2359,Accepted password for bob from 10.0.0.4 port 26737 ssh2,10.0.0.4,bob,benign
Sep 18 04:48:59,kali,2352,Failed password for svc_backup from 192.168.100.103 port 38682 ssh2,192.168.100.103,svc_backup,benign
Sep 18 04:49:30,kali,2970,Failed password for svc_backup from 10.0.0.50 port 31505 ssh2,10.0.0.50,svc_backup,attacker
Sep 18 04:49:32,kali,2305,Accepted password for root from 10.0.0.8 port 55791 ssh2,10.0.0.8,root,benign
Sep 18 04:49:45,kali,2629,PAM: Authentication failure for testuser from 10.0.0.50,10.0.0.50,testuser,attacker
Sep 18 04:50:13,kali,2433,Failed password for testuser from 10.0.0.2 port 26449 ssh2,10.0.0.2,testuser,benign
Sep 18 04:50:13,kali,2692,Accepted password for root from 10.0.0.6 port 51731 ssh2,10.0.0.6,root,benign
Sep 18 04:51:22,kali,2519,Failed password for admin from 10.0.0.52 port 50853 ssh2,10.0.0.52,admin,attacker
Sep 18 04:51:27,kali,2041,Failed password for carol from 10.0.0.3 port 22805 ssh2,10.0.0.3,carol,benign
Sep 18 04:51:42,kali,2244,Accepted password for alice from 10.0.0.4 port 38083 ssh2,10.0.0.4,alice,benign
Sep 18 04:51:47,kali,2984,Failed password for invalid user testuser from 10.0.0.2 port 38643 ssh2,10.0.0.2,testuser,benign
Sep 18 04:52:11,kali,2520,Failed password for bob from 192.168.100.104 port 52376 ssh2,192.168.100.104,bob,benign
Sep 18 04:52:17,kali,2090,Failed password for root from 10.0.0.51 port 45936 ssh2,10.0.0.51,root,attacker
Sep 18 04:52:56,kali,2441,Failed password for root from 10.0.0.7 port 28167 ssh2,10.0.0.7,root,benign
Sep 18 04:53:15,kali,2559,Accepted password for svc_backup from 10.0.0.9 port 24783 ssh2,10.0.0.9,svc_backup,benign
Sep 18 04:53:23,kali,2543,Failed password for carol from 10.0.0.50 port 39342 ssh2,10.0.0.50,carol,attacker
Sep 18 04:53:24,kali,2188,Failed password for testuser from 10.0.0.52 port 46253 ssh2,10.0.0.52,testuser,attacker
Sep 18 04:53:55,kali,2694,PAM: Authentication failure for dave from 192.168.100.103,192.168.100.103,dave,benign
Sep 18 04:54:23,kali,2291,Failed password for carol from 192.168.100.103 port 54664 ssh2,192.168.100.103,carol,benign
Sep 18 04:55:17,kali,2122,Failed password for bob from 10.0.0.4 port 23009 ssh2,10.0.0.4,bob,benign
Sep 18 04:55:21,kali,2972,Failed password for root from 10.0.0.52 port 36306 ssh2,10.0.0.52,root,attacker
Sep 18 04:55:35,kali,2840,Failed password for carol from 10.0.0.3 port 46436 ssh2,10.0.0.3,carol,benign
Sep 18 04:56:20,kali,2658,Accepted password for testuser from 10.0.0.4 port 54497 ssh2,10.0.0.4,testuser,benign
Sep 18 04:56:27,kali,2576,Failed password for svc_backup from 10.0.0.51 port 58458 ssh2,10.0.0.51,svc_backup,attacker
Sep 18 04:56:28,kali,2689,Failed password for admin from 10.0.0.50 port 41821 ssh2,10.0.0.50,admin,attacker
Sep 18 04:56:53,kali,2359,Failed password for invalid user admin from 10.0.0.51 port 24830 ssh2,10.0.0.51,admin,attacker
Sep 18 04:57:15,kali,2977,Failed password for dave from 192.168.100.104 port 22352 ssh2,192.168.100.104,dave,benign
Sep 18 04:57:16,kali,2087,Accepted password for svc_backup from 10.0.0.6 port 36151 ssh2,10.0.0.6,svc_backup,benign
Sep 18 04:57:35,kali,2395,PAM: Authentication failure for dave from 10.0.0.6,10.0.0.6,dave,benign
Sep 18 04:58:17,kali,2773,Accepted password for root from 10.0.0.3 port 42666 ssh2,10.0.0.3,root,benign
Sep 18 04:58:48,kali,2706,Connection closed by 10.0.0.8 port 30930 [preauth],,,benign
Sep 18 04:58:52,kali,2448,Accepted password for dave from 10.0.0.4 port 52314 ssh2,10.0.0.4,dave,benign
Sep 18 04:59:11,kali,2838,Failed password for svc_backup from 192.168.100.102 port 57533 ssh2,192.168.100.102,svc_backup,benign
Sep 18 04:59:16,kali,2418,Accepted password for svc_backup from 10.0.0.2 port 41931 ssh2,10.0.0.2,svc_backup,benign
Sep 18 04:59:50,kali,2689,Failed password for root from 10.0.0.52 port 58378 ssh2,10.0.0.52,root,attacker
Sep 18 05:00:05,kali,2271,PAM: Authentication failure for carol from 192.168.100.103,192.168.100.103,carol,benign
Sep 18 05:00:39,kali,2228,Connection closed by 10.0.0.51 port 39070 [preauth],,,benign
Sep 18 05:01:31,kali,2905,PAM: Authentication failure for bob from 192.168.100.103,192.168.100.103,bob,benign
Sep 18 05:01:36,kali,2260,Connection closed by 10.0.0.5 port 57900 [preauth],,,benign
Sep 18 05:01:41,kali,2525,Failed password for alice from 10.0.0.50 port 56434 ssh2,10.0.0.50,alice,attacker
Sep 18 05:01:47,kali,2964,Accepted password for root from 10.0.0.3 port 35915 ssh2,10.0.0.3,root,benign
Sep 18 05:01:48,kali,2992,Accepted password for testuser from 10.0.0.2 port 37912 ssh2,10.0.0.2,testuser,benign
Sep 18 05:01:59,kali,2565,Failed password for root from 10.0.0.51 port 58507 ssh2,10.0.0.51,root,attacker
Sep 18 05:02:00,kali,2773,Failed password for dave from 192.168.100.100 port 56640 ssh2,192.168.100.100,dave,benign
Sep 18 05:02:05,kali,2223,PAM: Authentication failure for dave from 10.0.0.8,10.0.0.8,dave,benign
Sep 18 05:02:32,kali,2370,Failed password for invalid user dave from 192.168.100.100 port 23087 ssh2,192.168.100.100,dave,benign
Sep 18 05:02:33,kali,2361,Accepted password for root from 10.0.0.8 port 33127 ssh2,10.0.0.8,root,benign
Sep 18 05:02:37,kali,2695,PAM: Authentication failure for alice from 10.0.0.52,10.0.0.52,alice,attacker
Sep 18 05:02:55,kali,2409,PAM: Authentication failure for svc_backup from 10.0.0.50,10.0.0.50,svc_backup,attacker
Sep 18 05:02:57,kali,2070,Connection closed by 10.0.0.6 port 40361 [preauth],,,benign
Sep 18 05:03:19,kali,2449,Failed password for testuser from 10.0.0.50 port 57755 ssh2,10.0.0.50,testuser,attacker
Sep 18 05:03:29,kali,2527,Accepted password for dave from 10.0.0.7 port 51984 ssh2,10.0.0.7,dave,benign
Sep 18 05:04:21,kali,2470,Failed password for carol from 10.0.0.5 port 25283 ssh2,10.0.0.5,carol,benign
Sep 18 05:05:13,kali,2583,Connection closed by 10.0.0.9 port 29386 [preauth],,,benign
Sep 18 05:05:39,kali,2615,Failed password for bob from 192.168.100.104 port 53476 ssh2,192.168.100.104,bob,benign
Sep 18 05:06:04,kali,2036,Failed password for testuser from 10.0.0.50 port 56853 ssh2,10.0.0.50,testuser,attacker
Sep 18 05:06:10,kali,2991,Failed password for bob from 10.0.0.8 port 41644 ssh2,10.0.0.8,bob,benign
Sep 18 05:06:31,kali,2171,Failed password for testuser from 10.0.0.52 port 25247 ssh2,10.0.0.52,testuser,attacker
Sep 18 05:06:39,kali,2907,Failed password for dave from 10.0.0.52 port 29671 ssh2,10.0.0.52,dave,attacker
Sep 18 05:06:46,kali,2417,Failed password for bob from 10.0.0.2 port 45524 ssh2,10.0.0.2,bob,benign
Sep 18 05:06:55,kali,2433,Accepted password for testuser from 10.0.0.3 port 55164 ssh2,10.0.0.3,testuser,benign
Sep 18 05:06:55,kali,2467,Failed password for svc_backup from 192.168.100.102 port 21426 ssh2,192.168.100.102,svc_backup,benign
Sep 18 05:06:56,kali,2854,Failed password for root from 10.0.0.9 port 32491 ssh2,10.0.0.9,root,benign
Sep 18 05:07:10,kali,2418,Failed password for root from 192.168.100.104 port 34768 ssh2,192.168.100.104,root,benign
Sep 18 05:07:14,kali,2632,Failed password for root from 192.168.100.102 port 39798 ssh2,192.168.100.102,root,benign
Sep 18 05:08:02,kali,2225,Failed password for admin from 10.0.0.50 port 42298 ssh2,10.0.0.50,admin,attacker
Sep 18 05:08:06,kali,2846,Failed password for root from 10.0.0.51 port 54827 ssh2,10.0.0.51,root,attacker
Sep 18 05:08:11,kali,2842,Failed password for testuser from 10.0.0.7 port 50129 ssh2,10.0.0.7,testuser,benign
Sep 18 05:08:35,kali,2258,Connection closed by 10.0.0.9 port 21270 [preauth],,,benign
Sep 18 05:08:59,kali,2713,PAM: Authentication failure for bob from 192.168.100.104,192.168.100.104,bob,benign
Sep 18 05:09:24,kali,2080,Failed password for root from 10.0.0.4 port 26723 ssh2,10.0.0.4,root,benign
Sep 18 05:09:50,kali,2170,Accepted password for dave from 10.0.0.7 port 22775 ssh2,10.0.0.7,dave,benign
Sep 18 05:09:53,kali,2702,Failed password for alice from 10.0.0.9 port 41109 ssh2,10.0.0.9,alice,benign
Sep 18 05:09:59,kali,2176,Failed password for carol from 10.0.0.6 port 29740 ssh2,10.0.0.6,carol,benign
Sep 18 05:10:14,kali,2089,Failed password for dave from 192.168.100.101 port 21686 ssh2,192.168.100.101,dave,benign
Sep 18 05:10:16,kali,2527,Failed password for bob from 10.0.0.3 port 51290 ssh2,10.0.0.3,bob,benign
Sep 18 05:10:29,kali,2285,Failed password for invalid user testuser from 10.0.0.52 port 50561 ssh2,10.0.0.52,testuser,attacker
Sep 18 05:10:42,kali,2587,Failed password for alice from 10.0.0.6 port 41284 ssh2,10.0.0.6,alice,benign
Sep 18 05:11:01,kali,2108,Failed password for admin from 10.0.0.52 port 45633 ssh2,10.0.0.52,admin,attacker
Sep 18 05:11:05,kali,2149,Failed password for svc_backup from 192.168.100.102 port 31473 ssh2,192.168.100.102,svc_backup,benign
Sep 18 05:12:02,kali,2160,Failed password for testuser from 10.0.0.50 port 39490 ssh2,10.0.0.50,testuser,attacker
Sep 18 05:12:30,kali,2650,Connection closed by 10.0.0.3 port 50802 [preauth],,,benign
Sep 18 05:12:56,kali,2747,PAM: Authentication failure for alice from 10.0.0.9,10.0.0.9,alice,benign
Sep 18 05:13:06,kali,2921,Failed password for invalid user testuser from 10.0.0.50 port 56301 ssh2,10.0.0.50,testuser,attacker
Sep 18 05:13:07,kali,2739,Accepted password for alice from 10.0.0.7 port 39678 ssh2,10.0.0.7,alice,benign
Sep 18 05:13:12,kali,2816,Failed password for svc_backup from 192.168.100.104 port 52722 ssh2,192.168.100.104,svc_backup,benign
Sep 18 05:14:00,kali,2559,Failed password for svc_backup from 192.168.100.103 port 36222 ssh2,192.168.100.103,svc_backup,benign
Sep 18 05:14:27,kali,2955,Failed password for testuser from 10.0.0.51 port 48219 ssh2,10.0.0.51,testuser,attacker
Sep 18 05:14:29,kali,2641,Failed password for invalid user alice from 10.0.0.4 port 43385 ssh2,10.0.0.4,alice,benign
Sep 18 05:14:29,kali,2827,Connection closed by 10.0.0.50 port 26416 [preauth],,,benign
Sep 18 05:14:54,kali,2973,Failed password for carol from 192.168.100.102 port 43506 ssh2,192.168.100.102,carol,benign
Sep 18 05:15:10,kali,2246,PAM: Authentication failure for alice from 10.0.0.9,10.0.0.9,alice,benign
Sep 18 05:15:14,kali,2918,Failed password for carol from 10.0.0.9 port 38173 ssh2,10.0.0.9,carol,benign
Sep 18 05:15:20,kali,2219,PAM: Authentication failure for testuser from 10.0.0.51,10.0.0.51,testuser,attacker
Sep 18 05:15:53,kali,2796,Failed password for root from 10.0.0.9 port 22841 ssh2,10.0.0.9,root,benign
Sep 18 05:15:57,kali,2890,PAM: Authentication failure for dave from 192.168.100.101,192.168.100.101,dave,benign
Sep 18 05:15:58,kali,2630,Failed password for admin from 10.0.0.51 port 59903 ssh2,10.0.0.51,admin,attacker
Sep 18 05:16:06,kali,2177,PAM: Authentication failure for bob from 10.0.0.7,10.0.0.7,bob,benign
Sep 18 05:16:06,kali,2612,Failed password for svc_backup from 192.168.100.100 port 55628 ssh2,192.168.100.100,svc_backup,benign
Sep 18 05:16:14,kali,2606,Failed password for testuser from 10.0.0.50 port 24100 ssh2,10.0.0.50,testuser,attacker
Sep 18 05:16:15,kali,2253,Failed password for svc_backup from 10.0.0.51 port 30466 ssh2,10.0.0.51,svc_backup,attacker
Sep 18 05:16:19,kali,2762,Failed password for root from 192.168.100.100 port 36889 ssh2,192.168.100.100,root,benign
Sep 18 05:16:30,kali,2502,Failed password for dave from 10.0.0.8 port 58395 ssh2,10.0.0.8,dave,benign
Sep 18 05:17:03,kali,2116,Failed password for carol from 10.0.0.2 port 39135 ssh2,10.0.0.2,carol,benign
Sep 18 05:17:43,kali,2765,PAM: Authentication failure for dave from 192.168.100.100,192.168.100.100,dave,benign
Sep 18 05:17:58,kali,2745,Failed password for testuser from 10.0.0.8 port 42461 ssh2,10.0.0.8,testuser,benign
Sep 18 05:18:50,kali,2454,Connection closed by 10.0.0.9 port 25768 [preauth],,,benign
Sep 18 05:18:52,kali,2734,Failed password for testuser from 10.0.0.50 port 57680 ssh2,10.0.0.50,testuser,attacker
Sep 18 05:19:19,kali,2172,Accepted password for bob from 10.0.0.7 port 29172 ssh2,10.0.0.7,bob,benign
Sep 18 05:19:26,kali,2660,Failed password for invalid user root from 10.0.0.50 port 58049 ssh2,10.0.0.50,root,attacker
Sep 18 05:19:29,kali,2969,Failed password for testuser from 10.0.0.9 port 37919 ssh2,10.0.0.9,testuser,benign
Sep 18 05:19:38,kali,2423,Failed password for svc_backup from 192.168.100.101 port 48969 ssh2,192.168.100.101,svc_backup,benign
Sep 18 05:19:55,kali,2790,Accepted password for carol from 10.0.0.4 port 21609 ssh2,10.0.0.4,carol,benign
Sep 18 05:20:07,kali,2646,PAM: Authentication failure for testuser from 10.0.0.7,10.0.0.7,testuser,benign
Sep 18 05:20:09,kali,2377,Failed password for svc_backup from 192.168.100.104 port 55819 ssh2,192.168.100.104,svc_backup,benign
Sep 18 05:20:31,kali,2922,Failed password for dave from 10.0.0.3 port 58507 ssh2,10.0.0.3,dave,benign
Sep 18 05:20:34,kali,2314,Failed password for svc_backup from 192.168.100.103 port 27694 ssh2,192.168.100.103,svc_backup,benign
Sep 18 05:20:48,kali,2546,Failed password for root from 10.0.0.51 port 50768 ssh2,10.0.0.51,root,attacker
Sep 18 05:21:17,kali,2279,Failed password for testuser from 10.0.0.50 port 32202 ssh2,10.0.0.50,testuser,attacker
Sep 18 05:21:44,kali,2939,Failed password for root from 10.0.0.52 port 54168 ssh2,10.0.0.52,root,attacker
Sep 18 05:22:04,kali,2500,Connection closed by 10.0.0.6 port 25972 [preauth],,,benign
Sep 18 05:22:17,kali,2542,Failed password for bob from 10.0.0.5 port 35804 ssh2,10.0.0.5,bob,benign
Sep 18 05:22:23,kali,2032,Failed password for svc_backup from 10.0.0.50 port 45066 ssh2,10.0.0.50,svc_backup,attacker
Sep 18 05:22:35,kali,2398,Accepted password for carol from 10.0.0.6 port 30394 ssh2,10.0.0.6,carol,benign
Sep 18 05:22:38,kali,2825,Failed password for svc_backup from 10.0.0.4 port 54995 ssh2,10.0.0.4,svc_backup,benign
Sep 18 05:22:45,kali,2259,Failed password for carol from 10.0.0.6 port 23132 ssh2,10.0.0.6,carol,benign
Sep 18 05:22:50,kali,2531,Failed password for bob from 192.168.100.100 port 40875 ssh2,192.168.100.100,bob,benign
Sep 18 05:22:56,kali,2933,Failed password for testuser from 10.0.0.50 port 40018 ssh2,10.0.0.50,testuser,attacker
Sep 18 05:23:51,kali,2666,Failed password for carol from 10.0.0.7 port 25862 ssh2,10.0.0.7,carol,benign
Sep 18 05:24:09,kali,2646,Failed password for invalid user svc_backup from 10.0.0.52 port 33211 ssh2,10.0.0.52,svc_backup,attacker
Sep 18 05:24:13,kali,2490,Failed password for invalid user admin from 10.0.0.51 port 57584 ssh2,10.0.0.51,admin,attacker
Sep 18 05:25:04,kali,2354,Accepted password for bob from 10.0.0.8 port 56591 ssh2,10.0.0.8,bob,benign
Sep 18 05:25:08,kali,2808,Accepted password for root from 10.0.0.7 port 57756 ssh2,10.0.0.7,root,benign
Sep 18 05:25:18,kali,2107,Failed password for alice from 10.0.0.3 port 29284 ssh2,10.0.0.3,alice,benign
Sep 18 05:25:21,kali,2250,Connection closed by 10.0.0.52 port 46613 [preauth],,,benign
Sep 18 05:25:23,kali,2942,Failed password for invalid user alice from 10.0.0.9 port 40593 ssh2,10.0.0.9,alice,benign
Sep 18 05:25:30,kali,2476,Failed password for carol from 10.0.0.6 port 25679 ssh2,10.0.0.6,carol,benign
Sep 18 05:25:48,kali,2139,Failed password for root from 192.168.100.100 port 46813 ssh2,192.168.100.100,root,benign
Sep 18 05:25:49,kali,2352,PAM: Authentication failure for dave from 10.0.0.52,10.0.0.52,dave,attacker
Sep 18 05:26:06,kali,2621,Failed password for testuser from 10.0.0.52 port 38562 ssh2,10.0.0.52,testuser,attacker
Sep 18 05:26:16,kali,2196,Failed password for root from 10.0.0.50 port 55374 ssh2,10.0.0.50,root,attacker
Sep 18 05:26:31,kali,2974,Failed password for root from 10.0.0.52 port 24574 ssh2,10.0.0.52,root,attacker
Sep 18 05:26:36,kali,2793,Accepted password for dave from 10.0.0.3 port 38777 ssh2,10.0.0.3,dave,benign
Sep 18 05:26:41,kali,2238,Failed password for svc_backup from 192.168.100.102 port 48751 ssh2,192.168.100.102,svc_backup,benign
Sep 18 05:26:48,kali,2845,Connection closed by 10.0.0.51 port 26249 [preauth],,,benign
Sep 18 05:27:00,kali,2324,Failed password for testuser from 192.168.100.104 port 27987 ssh2,192.168.100.104,testuser,benign
Sep 18 05:27:06,kali,2630,Failed password for testuser from 10.0.0.2 port 49057 ssh2,10.0.0.2,testuser,benign
Sep 18 05:27:08,kali,2145,Failed password for invalid user dave from 10.0.0.51 port 26101 ssh2,10.0.0.51,dave,attacker
Sep 18 05:27:20,kali,2367,Accepted password for svc_backup from 10.0.0.4 port 46436 ssh2,10.0.0.4,svc_backup,benign
Sep 18 05:27:24,kali,2038,Failed password for invalid user alice from 10.0.0.50 port 33203 ssh2,10.0.0.50,alice,attacker
Sep 18 05:27:36,kali,2204,Failed password for bob from 10.0.0.9 port 49170 ssh2,10.0.0.9,bob,benign
Sep 18 05:27:45,kali,2425,Accepted password for dave from 10.0.0.9 port 30961 ssh2,10.0.0.9,dave,benign
Sep 18 05:28:24,kali,2152,PAM: Authentication failure for testuser from 10.0.0.4,10.0.0.4,testuser,benign
Sep 18 05:28:57,kali,2466,Failed password for invalid user testuser from 10.0.0.52 port 26743 ssh2,10.0.0.52,testuser,attacker
Sep 18 05:28:58,kali,2144,Failed password for admin from 10.0.0.51 port 25814 ssh2,10.0.0.51,admin,attacker
Sep 18 05:29:17,kali,2023,Failed password for bob from 10.0.0.9 port 43127 ssh2,10.0.0.9,bob,benign
Sep 18 05:29:22,kali,2934,Failed password for carol from 10.0.0.52 port 20615 ssh2,10.0.0.52,carol,attacker
Sep 18 05:29:35,kali,2457,Failed password for invalid user testuser from 192.168.100.103 port 46439 ssh2,192.168.100.103,testuser,benign
Sep 18 05:29:44,kali,2754,Failed password for bob from 10.0.0.6 port 36364 ssh2,10.0.0.6,bob,benign
Sep 18 05:30:10,kali,2780,Failed password for carol from 192.168.100.102 port 53270 ssh2,192.168.100.102,carol,benign
Sep 18 05:30:55,kali,2770,Failed password for root from 10.0.0.4 port 20078 ssh2,10.0.0.4,root,benign
Sep 18 05:31:09,kali,2137,PAM: Authentication failure for root from 10.0.0.2,10.0.0.2,root,benign
Sep 18 05:31:10,kali,2461,Accepted password for svc_backup from 10.0.0.6 port 27786 ssh2,10.0.0.6,svc_backup,benign
Sep 18 05:31:15,kali,2661,Failed password for admin from 10.0.0.51 port 38539 ssh2,10.0.0.51,admin,attacker
Sep 18 05:31:24,kali,2406,Failed password for testuser from 10.0.0.50 port 49235 ssh2,10.0.0.50,testuser,attacker
Sep 18 05:31:56,kali,2393,Failed password for testuser from 192.168.100.104 port 49473 ssh2,192.168.100.104,testuser,benign
Sep 18 05:31:58,kali,2646,Failed password for svc_backup from 10.0.0.8 port 22402 ssh2,10.0.0.8,svc_backup,benign
Sep 18 05:32:17,kali,2410,Accepted password for bob from 10.0.0.2 port 45500 ssh2,10.0.0.2,bob,benign
Sep 18 05:32:53,kali,2528,Accepted password for testuser from 10.0.0.4 port 22363 ssh2,10.0.0.4,testuser,benign
Sep 18 05:33:05,kali,2569,Failed password for alice from 10.0.0.3 port 30230 ssh2,10.0.0.3,alice,benign
Sep 18 05:33:08,kali,2118,Failed password for alice from 10.0.0.6 port 20110 ssh2,10.0.0.6,alice,benign
Sep 18 05:33:10,kali,2736,Failed password for admin from 10.0.0.50 port 37235 ssh2,10.0.0.50,admin,attacker
Sep 18 05:33:38,kali,2979,Failed password for root from 192.168.100.104 port 49017 ssh2,192.168.100.104,root,benign
Sep 18 05:33:52,kali,2143,Failed password for admin from 10.0.0.52 port 51686 ssh2,10.0.0.52,admin,attacker
Sep 18 05:33:55,kali,2822,Failed password for testuser from 10.0.0.6 port 53678 ssh2,10.0.0.6,testuser,benign
Sep 18 05:34:23,kali,2178,Failed password for admin from 10.0.0.51 port 32088 ssh2,10.0.0.51,admin,attacker
Sep 18 05:34:29,kali,2415,Failed password for svc_backup from 10.0.0.9 port 59597 ssh2,10.0.0.9,svc_backup,benign
Sep 18 05:34:51,kali,2015,Accepted password for alice from 10.0.0.3 port 56018 ssh2,10.0.0.3,alice,benign
Sep 18 05:35:24,kali,2007,Failed password for invalid user testuser from 10.0.0.51 port 47923 ssh2,10.0.0.51,testuser,attacker
Sep 18 05:35:27,kali,2947,Connection closed by 10.0.0.52 port 32912 [preauth],,,benign
Sep 18 05:35:49,kali,2226,Failed password for admin from 10.0.0.52 port 47997 ssh2,10.0.0.52,admin,attacker
Sep 18 05:35:49,kali,2496,Failed password for testuser from 10.0.0.50 port 42010 ssh2,10.0.0.50,testuser,attacker
Sep 18 05:36:10,kali,2389,Failed password for dave from 192.168.100.101 port 23947 ssh2,192.168.100.101,dave,benign
Sep 18 05:36:10,kali,2800,Failed password for root from 10.0.0.4 port 26566 ssh2,10.0.0.4,root,benign
Sep 18 05:36:19,kali,2704,Accepted password for dave from 10.0.0.3 port 36290 ssh2,10.0.0.3,dave,benign
Sep 18 05:36:20,kali,2996,Failed password for invalid user bob from 10.0.0.6 port 52529 ssh2,10.0.0.6,bob,benign
Sep 18 05:36:25,kali,2655,Failed password for admin from 10.0.0.51 port 48957 ssh2,10.0.0.51,admin,attacker
Sep 18 05:36:33,kali,2783,PAM: Authentication failure for carol from 10.0.0.5,10.0.0.5,carol,benign
Sep 18 05:36:39,kali,2505,Connection closed by 10.0.0.4 port 53044 [preauth],,,benign
Sep 18 05:36:44,kali,2611,Failed password for admin from 10.0.0.50 port 39809 ssh2,10.0.0.50,admin,attacker
Sep 18 05:37:06,kali,2932,Failed password for svc_backup from 10.0.0.8 port 30116 ssh2,10.0.0.8,svc_backup,benign
Sep 18 05:37:10,kali,2672,Failed password for root from 10.0.0.4 port 47209 ssh2,10.0.0.4,root,benign
Sep 18 05:37:11,kali,2881,Failed password for testuser from 10.0.0.52 port 42056 ssh2,10.0.0.52,testuser,attacker
Sep 18 05:37:15,kali,2038,Accepted password for root from 10.0.0.4 port 44688 ssh2,10.0.0.4,root,benign
Sep 18 05:37:36,kali,2433,Failed password for root from 10.0.0.51 port 49957 ssh2,10.0.0.51,root,attacker
Sep 18 05:38:09,kali,2305,Failed password for bob from 10.0.0.4 port 42457 ssh2,10.0.0.4,bob,benign
Sep 18 05:38:21,kali,2301,Failed password for svc_backup from 10.0.0.3 port 56132 ssh2,10.0.0.3,svc_backup,benign
Sep 18 05:39:30,kali,2638,Failed password for alice from 192.168.100.102 port 21293 ssh2,192.168.100.102,alice,benign
Sep 18 05:39:36,kali,2008,Accepted password for svc_backup from 10.0.0.9 port 51265 ssh2,10.0.0.9,svc_backup,benign
Sep 18 05:39:44,kali,2741,Connection closed by 10.0.0.2 port 37593 [preauth],,,benign
Sep 18 05:39:51,kali,2016,Failed password for bob from 192.168.100.103 port 20102 ssh2,192.168.100.103,bob,benign
Sep 18 05:39:57,kali,2334,Failed password for testuser from 192.168.100.102 port 40327 ssh2,192.168.100.102,testuser,benign
Sep 18 05:40:17,kali,2630,Failed password for admin from 10.0.0.50 port 30182 ssh2,10.0.0.50,admin,attacker
Sep 18 05:40:33,kali,2201,Failed password for invalid user testuser from 10.0.0.3 port 21220 ssh2,10.0.0.3,testuser,benign
Sep 18 05:40:44,kali,2181,Failed password for testuser from 192.168.100.103 port 48506 ssh2,192.168.100.103,testuser,benign
Sep 18 05:40:46,kali,2053,PAM: Authentication failure for bob from 192.168.100.100,192.168.100.100,bob,benign
Sep 18 05:40:56,kali,2505,Failed password for testuser from 10.0.0.8 port 36408 ssh2,10.0.0.8,testuser,benign
Sep 18 05:41:57,kali,2418,Failed password for root from 10.0.0.52 port 27722 ssh2,10.0.0.52,root,attacker
Sep 18 05:42:11,kali,2230,Failed password for invalid user alice from 10.0.0.4 port 40159 ssh2,10.0.0.4,alice,benign
Sep 18 05:42:43,kali,2500,Failed password for alice from 192.168.100.102 port 24871 ssh2,192.168.100.102,alice,benign
Sep 18 05:43:02,kali,2534,Failed password for admin from 10.0.0.50 port 46818 ssh2,10.0.0.50,admin,attacker
Sep 18 05:43:27,kali,2934,Failed password for svc_backup from 192.168.100.102 port 36217 ssh2,192.168.100.102,svc_backup,benign
Sep 18 05:43:42,kali,2255,Failed password for invalid user root from 10.0.0.50 port 34567 ssh2,10.0.0.50,root,attacker
Sep 18 05:43:42,kali,2366,Failed password for bob from 192.168.100.100 port 54118 ssh2,192.168.100.100,bob,benign
Sep 18 05:44:04,kali,2157,Failed password for invalid user root from 10.0.0.52 port 24369 ssh2,10.0.0.52,root,attacker
Sep 18 05:44:06,kali,2266,Failed password for testuser from 10.0.0.9 port 43974 ssh2,10.0.0.9,testuser,benign
Sep 18 05:44:37,kali,2543,Failed password for carol from 192.168.100.100 port 49736 ssh2,192.168.100.100,carol,benign
Sep 18 05:44:54,kali,2164,Failed password for testuser from 10.0.0.51 port 49758 ssh2,10.0.0.51,testuser,attacker
Sep 18 05:45:00,kali,2495,Failed password for svc_backup from 10.0.0.51 port 27804 ssh2,10.0.0.51,svc_backup,attacker
Sep 18 05:45:05,kali,2776,Failed password for dave from 192.168.100.103 port 21130 ssh2,192.168.100.103,dave,benign
Sep 18 05:45:16,kali,2507,Failed password for testuser from 10.0.0.52 port 40888 ssh2,10.0.0.52,testuser,attacker
Sep 18 05:45:40,kali,2374,Failed password for root from 10.0.0.6 port 44155 ssh2,10.0.0.6,root,benign
Sep 18 05:45:41,kali,2255,PAM: Authentication failure for dave from 10.0.0.5,10.0.0.5,dave,benign
Sep 18 05:46:38,kali,2009,Failed password for bob from 192.168.100.103 port 44196 ssh2,192.168.100.103,bob,benign
Sep 18 05:46:45,kali,2843,Accepted password for alice from 10.0.0.2 port 42675 ssh2,10.0.0.2,alice,benign
Sep 18 05:46:47,kali,2662,Failed password for invalid user alice from 10.0.0.52 port 38119 ssh2,10.0.0.52,alice,attacker
Sep 18 05:46:50,kali,2575,Failed password for svc_backup from 10.0.0.51 port 23371 ssh2,10.0.0.51,svc_backup,attacker
Sep 18 05:46:56,kali,2710,Connection closed by 10.0.0.51 port 43384 [preauth],,,benign
Sep 18 05:47:11,kali,2306,Failed password for root from 10.0.0.51 port 58253 ssh2,10.0.0.51,root,attacker
Sep 18 05:47:16,kali,2660,Accepted password for svc_backup from 10.0.0.8 port 41731 ssh2,10.0.0.8,svc_backup,benign
Sep 18 05:47:21,kali,2673,Failed password for alice from 10.0.0.7 port 58471 ssh2,10.0.0.7,alice,benign
Sep 18 05:47:35,kali,2678,Failed password for svc_backup from 10.0.0.4 port 23295 ssh2,10.0.0.4,svc_backup,benign
Sep 18 05:47:46,kali,2229,PAM: Authentication failure for root from 10.0.0.52,10.0.0.52,root,attacker
Sep 18 05:48:22,kali,2033,Failed password for carol from 10.0.0.7 port 25038 ssh2,10.0.0.7,carol,benign
Sep 18 05:48:24,kali,2969,Failed password for svc_backup from 10.0.0.3 port 28241 ssh2,10.0.0.3,svc_backup,benign
Sep 18 05:48:50,kali,2694,Failed password for carol from 192.168.100.104 port 28562 ssh2,192.168.100.104,carol,benign
Sep 18 05:49:02,kali,2252,Failed password for testuser from 10.0.0.50 port 33386 ssh2,10.0.0.50,testuser,attacker
Sep 18 05:49:09,kali,2359,Failed password for carol from 10.0.0.4 port 39178 ssh2,10.0.0.4,carol,benign
Sep 18 05:49:15,kali,2409,Failed password for testuser from 10.0.0.50 port 31331 ssh2,10.0.0.50,testuser,attacker
Sep 18 05:49:32,kali,2693,PAM: Authentication failure for alice from 10.0.0.6,10.0.0.6,alice,benign
Sep 18 05:49:35,kali,2667,Failed password for bob from 192.168.100.100 port 49525 ssh2,192.168.100.100,bob,benign
Sep 18 05:49:41,kali,2835,Failed password for testuser from 10.0.0.5 port 51177 ssh2,10.0.0.5,testuser,benign
Sep 18 05:49:54,kali,2400,Connection closed by 10.0.0.51 port 22122 [preauth],,,benign
Sep 18 05:50:04,kali,2692,Failed password for svc_backup from 10.0.0.8 port 29599 ssh2,10.0.0.8,svc_backup,benign
Sep 18 05:50:11,kali,2690,Accepted password for testuser from 10.0.0.5 port 53346 ssh2,10.0.0.5,testuser,benign
Sep 18 05:50:12,kali,2140,Failed password for carol from 192.168.100.102 port 27434 ssh2,192.168.100.102,carol,benign
Sep 18 05:50:14,kali,2291,Failed password for alice from 10.0.0.4 port 51308 ssh2,10.0.0.4,alice,benign
Sep 18 05:50:28,kali,2075,Failed password for dave from 10.0.0.50 port 42578 ssh2,10.0.0.50,dave,attacker
Sep 18 05:50:41,kali,2866,PAM: Authentication failure for carol from 192.168.100.101,192.168.100.101,carol,benign
Sep 18 05:50:49,kali,2484,Failed password for invalid user bob from 10.0.0.8 port 48249 ssh2,10.0.0.8,bob,benign
Sep 18 05:50:50,kali,2041,Accepted password for dave from 10.0.0.4 port 54010 ssh2,10.0.0.4,dave,benign
Sep 18 05:50:50,kali,2782,Failed password for alice from 192.168.100.104 port 48423 ssh2,192.168.100.104,alice,benign
Sep 18 05:51:08,kali,2104,Accepted password for carol from 10.0.0.4 port 41363 ssh2,10.0.0.4,carol,benign
Sep 18 05:51:17,kali,2133,Failed password for testuser from 10.0.0.7 port 23010 ssh2,10.0.0.7,testuser,benign
Sep 18 05:51:51,kali,2621,Accepted password for dave from 10.0.0.9 port 48977 ssh2,10.0.0.9,dave,benign
Sep 18 05:52:29,kali,2600,Failed password for alice from 10.0.0.2 port 49060 ssh2,10.0.0.2,alice,benign
Sep 18 05:52:32,kali,2565,Failed password for root from 10.0.0.51 port 33767 ssh2,10.0.0.51,root,attacker
Sep 18 05:52:32,kali,2740,Failed password for invalid user admin from 10.0.0.51 port 27747 ssh2,10.0.0.51,admin,attacker
Sep 18 05:52:49,kali,2491,Failed password for svc_backup from 192.168.100.101 port 29684 ssh2,192.168.100.101,svc_backup,benign
Sep 18 05:52:58,kali,2968,Accepted password for dave from 10.0.0.8 port 20386 ssh2,10.0.0.8,dave,benign
Sep 18 05:53:08,kali,2111,Failed password for invalid user carol from 10.0.0.51 port 43480 ssh2,10.0.0.51,carol,attacker
Sep 18 05:53:36,kali,2221,Connection closed by 10.0.0.5 port 41532 [preauth],,,benign
Sep 18 05:53:51,kali,2760,Accepted password for testuser from 10.0.0.8 port 26489 ssh2,10.0.0.8,testuser,benign
Sep 18 05:54:45,kali,2070,Failed password for alice from 10.0.0.3 port 53053 ssh2,10.0.0.3,alice,benign
Sep 18 05:55:12,kali,2558,Failed password for testuser from 10.0.0.2 port 33739 ssh2,10.0.0.2,testuser,benign
Sep 18 05:55:14,kali,2164,Failed password for invalid user bob from 192.168.100.101 port 36925 ssh2,192.168.100.101,bob,benign
Sep 18 05:55:26,kali,2498,Failed password for invalid user root from 10.0.0.50 port 39753 ssh2,10.0.0.50,root,attacker
Sep 18 05:55:38,kali,2481,Failed password for invalid user carol from 10.0.0.52 port 35297 ssh2,10.0.0.52,carol,attacker
Sep 18 05:55:58,kali,2264,Failed password for invalid user alice from 192.168.100.104 port 56461 ssh2,192.168.100.104,alice,benign
Sep 18 05:55:58,kali,2766,Connection closed by 10.0.0.6 port 48780 [preauth],,,benign
Sep 18 05:56:01,kali,2657,Failed password for invalid user dave from 192.168.100.101 port 23664 ssh2,192.168.100.101,dave,benign
Sep 18 05:56:09,kali,2016,Failed password for alice from 10.0.0.6 port 34541 ssh2,10.0.0.6,alice,benign
Sep 18 05:56:10,kali,2894,Accepted password for root from 10.0.0.9 port 43709 ssh2,10.0.0.9,root,benign
Sep 18 05:56:12,kali,2479,Failed password for testuser from 10.0.0.2 port 55190 ssh2,10.0.0.2,testuser,benign
Sep 18 05:56:17,kali,2086,Connection closed by 10.0.0.4 port 30316 [preauth],,,benign
Sep 18 05:56:17,kali,2158,Failed password for root from 10.0.0.50 port 42178 ssh2,10.0.0.50,root,attacker
Sep 18 05:56:28,kali,2485,Failed password for root from 192.168.100.104 port 23365 ssh2,192.168.100.104,root,benign
Sep 18 05:56:29,kali,2397,Failed password for carol from 10.0.0.7 port 31306 ssh2,10.0.0.7,carol,benign
Sep 18 05:57:02,kali,2331,Failed password for testuser from 10.0.0.51 port 35785 ssh2,10.0.0.51,testuser,attacker
Sep 18 05:57:09,kali,2520,Accepted password for svc_backup from 10.0.0.4 port 24575 ssh2,10.0.0.4,svc_backup,benign
Sep 18 05:57:23,kali,2445,Failed password for root from 10.0.0.51 port 46256 ssh2,10.0.0.51,root,attacker
Sep 18 05:58:12,kali,2919,Failed password for root from 10.0.0.51 port 46497 ssh2,10.0.0.51,root,attacker
Sep 18 05:58:13,kali,2041,Failed password for alice from 10.0.0.4 port 43313 ssh2,10.0.0.4,alice,benign
Sep 18 05:58:31,kali,2720,Failed password for carol from 192.168.100.100 port 44947 ssh2,192.168.100.100,carol,benign
Sep 18 05:58:40,kali,2661,Failed password for testuser from 10.0.0.8 port 53849 ssh2,10.0.0.8,testuser,benign
Sep 18 05:58:55,kali,2621,PAM: Authentication failure for svc_backup from 10.0.0.5,10.0.0.5,svc_backup,benign
Sep 18 05:59:00,kali,2903,Failed password for root from 10.0.0.8 port 36268 ssh2,10.0.0.8,root,benign
Sep 18 05:59:08,kali,2147,Failed password for svc_backup from 192.168.100.103 port 46130 ssh2,192.168.100.103,svc_backup,benign
Sep 18 05:59:35,kali,2151,Failed password for testuser from 10.0.0.52 port 59150 ssh2,10.0.0.52,testuser,attacker
Sep 18 05:59:46,kali,2203,Failed password for svc_backup from 192.168.100.100 port 20037 ssh2,192.168.100.100,svc_backup,benign
Sep 18 05:59:57,kali,2983,Accepted password for testuser from 10.0.0.5 port 33829 ssh2,10.0.0.5,testuser,benign
Sep 18 06:00:04,kali,2226,Failed password for testuser from 10.0.0.9 port 46758 ssh2,10.0.0.9,testuser,benign
Sep 18 06:00:07,kali,2647,Failed password for bob from 192.168.100.104 port 23890 ssh2,192.168.100.104,bob,benign
Sep 18 06:00:40,kali,2623,Failed password for testuser from 192.168.100.102 port 20830 ssh2,192.168.100.102,testuser,benign
Sep 18 06:00:46,kali,2834,Accepted password for svc_backup from 10.0.0.8 port 55905 ssh2,10.0.0.8,svc_backup,benign
Sep 18 06:00:50,kali,2055,Failed password for svc_backup from 192.168.100.100 port 52495 ssh2,192.168.100.100,svc_backup,benign
Sep 18 06:01:08,kali,2671,Failed password for alice from 192.168.100.101 port 31486 ssh2,192.168.100.101,alice,benign
Sep 18 06:01:22,kali,2361,Failed password for invalid user testuser from 192.168.100.102 port 43632 ssh2,192.168.100.102,testuser,benign
Sep 18 06:01:23,kali,2784,PAM: Authentication failure for bob from 10.0.0.2,10.0.0.2,bob,benign
Sep 18 06:01:33,kali,2582,Failed password for carol from 10.0.0.2 port 48173 ssh2,10.0.0.2,carol,benign
Sep 18 06:01:56,kali,2272,Failed password for alice from 10.0.0.6 port 54044 ssh2,10.0.0.6,alice,benign
Sep 18 06:02:05,kali,2070,Failed password for bob from 10.0.0.6 port 48440 ssh2,10.0.0.6,bob,benign
Sep 18 06:02:11,kali,2050,Accepted password for dave from 10.0.0.6 port 47788 ssh2,10.0.0.6,dave,benign
Sep 18 06:02:15,kali,2159,Failed password for carol from 10.0.0.8 port 38623 ssh2,10.0.0.8,carol,benign
Sep 18 06:02:24,kali,2364,Failed password for testuser from 10.0.0.50 port 55486 ssh2,10.0.0.50,testuser,attacker
Sep 18 06:02:50,kali,2244,Failed password for invalid user svc_backup from 10.0.0.52 port 52607 ssh2,10.0.0.52,svc_backup,attacker
Sep 18 06:03:01,kali,2256,Accepted password for testuser from 10.0.0.4 port 26367 ssh2,10.0.0.4,testuser,benign
Sep 18 06:03:52,kali,2718,Failed password for invalid user root from 10.0.0.50 port 33679 ssh2,10.0.0.50,root,attacker
Sep 18 06:03:55,kali,2731,Failed password for admin from 10.0.0.52 port 41127 ssh2,10.0.0.52,admin,attacker
Sep 18 06:04:09,kali,2507,Failed password for invalid user testuser from 10.0.0.50 port 45932 ssh2,10.0.0.50,testuser,attacker
Sep 18 06:04:11,kali,2061,Failed password for root from 192.168.100.103 port 28246 ssh2,192.168.100.103,root,benign
Sep 18 06:04:18,kali,2312,Accepted password for dave from 10.0.0.5 port 25976 ssh2,10.0.0.5,dave,benign
Sep 18 06:04:45,kali,2323,Failed password for testuser from 10.0.0.51 port 58759 ssh2,10.0.0.51,testuser,attacker
Sep 18 06:04:49,kali,2661,Failed password for root from 10.0.0.2 port 28612 ssh2,10.0.0.2,root,benign
Sep 18 06:04:57,kali,2505,Failed password for dave from 192.168.100.101 port 56994 ssh2,192.168.100.101,dave,benign
Sep 18 06:04:59,kali,2766,Failed password for dave from 192.168.100.102 port 25681 ssh2,192.168.100.102,dave,benign
Sep 18 06:05:17,kali,2745,Failed password for alice from 192.168.100.100 port 39583 ssh2,192.168.100.100,alice,benign
Sep 18 06:05:47,kali,2181,Failed password for admin from 10.0.0.51 port 31049 ssh2,10.0.0.51,admin,attacker
Sep 18 06:06:28,kali,2439,Failed password for invalid user alice from 10.0.0.8 port 33068 ssh2,10.0.0.8,alice,benign
Sep 18 06:06:29,kali,2849,Failed password for root from 192.168.100.101 port 44684 ssh2,192.168.100.101,root,benign
Sep 18 06:06:41,kali,2433,Connection closed by 10.0.0.2 port 20232 [preauth],,,benign
Sep 18 06:06:42,kali,2597,Failed password for bob from 10.0.0.9 port 45013 ssh2,10.0.0.9,bob,benign
Sep 18 06:06:50,kali,2680,Accepted password for svc_backup from 10.0.0.3 port 55024 ssh2,10.0.0.3,svc_backup,benign
Sep 18 06:07:07,kali,2005,Connection closed by 10.0.0.4 port 50911 [preauth],,,benign
Sep 18 06:07:21,kali,2009,Accepted password for dave from 10.0.0.3 port 48436 ssh2,10.0.0.3,dave,benign
Sep 18 06:07:39,kali,2889,Accepted password for svc_backup from 10.0.0.3 port 20803 ssh2,10.0.0.3,svc_backup,benign
Sep 18 06:07:53,kali,2938,PAM: Authentication failure for root from 192.168.100.100,192.168.100.100,root,benign
Sep 18 06:07:57,kali,2062,Failed password for svc_backup from 10.0.0.8 port 23820 ssh2,10.0.0.8,svc_backup,benign
Sep 18 06:08:00,kali,2746,Connection closed by 10.0.0.9 port 20746 [preauth],,,benign
Sep 18 06:08:05,kali,2114,Failed password for root from 10.0.0.50 port 55741 ssh2,10.0.0.50,root,attacker
Sep 18 06:08:14,kali,2704,Failed password for invalid user svc_backup from 192.168.100.104 port 22103 ssh2,192.168.100.104,svc_backup,benign
Sep 18 06:08:19,kali,2506,Failed password for invalid user testuser from 10.0.0.52 port 59289 ssh2,10.0.0.52,testuser,attacker
Sep 18 06:08:24,kali,2332,Connection closed by 10.0.0.6 port 39581 [preauth],,,benign
Sep 18 06:08:45,kali,2557,Failed password for carol from 10.0.0.8 port 22924 ssh2,10.0.0.8,carol,benign
Sep 18 06:08:59,kali,2281,Failed password for dave from 10.0.0.7 port 50585 ssh2,10.0.0.7,dave,benign
Sep 18 06:09:03,kali,2650,PAM: Authentication failure for svc_backup from 10.0.0.52,10.0.0.52,svc_backup,attacker
Sep 18 06:09:35,kali,2803,Failed password for root from 10.0.0.3 port 35057 ssh2,10.0.0.3,root,benign
Sep 18 06:09:52,kali,2399,Connection closed by 10.0.0.5 port 37234 [preauth],,,benign
Sep 18 06:09:55,kali,2055,Accepted password for dave from 10.0.0.5 port 45289 ssh2,10.0.0.5,dave,benign
Sep 18 06:10:02,kali,2836,PAM: Authentication failure for alice from 10.0.0.6,10.0.0.6,alice,benign
Sep 18 06:10:04,kali,2080,PAM: Authentication failure for alice from 192.168.100.100,192.168.100.100,alice,benign
Sep 18 06:10:25,kali,2111,Accepted password for testuser from 10.0.0.4 port 35985 ssh2,10.0.0.4,testuser,benign
Sep 18 06:10:26,kali,2073,Failed password for admin from 10.0.0.52 port 37691 ssh2,10.0.0.52,admin,attacker
Sep 18 06:10:46,kali,2441,Failed password for testuser from 10.0.0.2 port 35039 ssh2,10.0.0.2,testuser,benign
Sep 18 06:10:55,kali,2082,Connection closed by 10.0.0.52 port 54971 [preauth],,,benign
Sep 18 06:10:56,kali,2664,Failed password for carol from 10.0.0.6 port 53452 ssh2,10.0.0.6,carol,benign
Sep 18 06:10:58,kali,2309,Failed password for alice from 10.0.0.6 port 36409 ssh2,10.0.0.6,alice,benign
Sep 18 06:11:00,kali,2070,Accepted password for svc_backup from 10.0.0.2 port 22033 ssh2,10.0.0.2,svc_backup,benign
Sep 18 06:11:23,kali,2452,PAM: Authentication failure for root from 10.0.0.7,10.0.0.7,root,benign
Sep 18 06:11:24,kali,2599,Failed password for root from 10.0.0.8 port 38059 ssh2,10.0.0.8,root,benign
Sep 18 06:11:36,kali,2587,Failed password for bob from 10.0.0.2 port 31520 ssh2,10.0.0.2,bob,benign
Sep 18 06:11:58,kali,2387,Failed password for root from 10.0.0.3 port 34607 ssh2,10.0.0.3,root,benign
Sep 18 06:11:59,kali,2878,Failed password for dave from 10.0.0.51 port 23677 ssh2,10.0.0.51,dave,attacker
Sep 18 06:12:11,kali,2091,Failed password for testuser from 10.0.0.51 port 58375 ssh2,10.0.0.51,testuser,attacker
Sep 18 06:12:32,kali,2339,Failed password for dave from 10.0.0.8 port 45339 ssh2,10.0.0.8,dave,benign
Sep 18 06:12:32,kali,2503,PAM: Authentication failure for dave from 10.0.0.4,10.0.0.4,dave,benign
Sep 18 06:12:37,kali,2704,Failed password for alice from 192.168.100.104 port 34341 ssh2,192.168.100.104,alice,benign
Sep 18 06:13:16,kali,2896,Failed password for bob from 192.168.100.100 port 39368 ssh2,192.168.100.100,bob,benign
Sep 18 06:13:24,kali,2533,Failed password for alice from 10.0.0.2 port 46320 ssh2,10.0.0.2,alice,benign
